Order ID,Product,Quantity Ordered,Price Each,Order Date,Purchase Address,Month,Hour,Minutes,Sales,City,State
298296,iPhone,1,700.0,2019-12-11 07:12:00,"207 13th St, Boston, MA 02215",12,7,12,700.0,Boston,MA 02215
298347,iPhone,1,700.0,2019-12-07 15:50:00,"882 7th St, Boston, MA 02215",12,15,50,700.0,Boston,MA 02215
298356,iPhone,1,700.0,2019-12-20 18:10:00,"917 Sunset St, Portland, OR 97035",12,18,10,700.0,Portland,OR 97035
298403,iPhone,1,700.0,2019-12-27 13:21:00,"945 Center St, New York City, NY 10001",12,13,21,700.0,New York City,NY 10001
298434,iPhone,1,700.0,2019-12-11 21:39:00,"807 6th St, Boston, MA 02215",12,21,39,700.0,Boston,MA 02215
298458,iPhone,1,700.0,2019-12-04 19:02:00,"371 Center St, Los Angeles, CA 90001",12,19,2,700.0,Los Angeles,CA 90001
298465,iPhone,1,700.0,2019-12-04 17:26:00,"852 Maple St, Dallas, TX 75001",12,17,26,700.0,Dallas,TX 75001
298468,iPhone,1,700.0,2019-12-03 13:38:00,"362 Pine St, New York City, NY 10001",12,13,38,700.0,New York City,NY 10001
298483,iPhone,1,700.0,2019-12-03 09:45:00,"928 Pine St, Los Angeles, CA 90001",12,9,45,700.0,Los Angeles,CA 90001
298497,iPhone,1,700.0,2019-12-13 11:57:00,"388 Lincoln St, Atlanta, GA 30301",12,11,57,700.0,Atlanta,GA 30301
298547,iPhone,1,700.0,2019-12-10 15:05:00,"6 Maple St, Dallas, TX 75001",12,15,5,700.0,Dallas,TX 75001
298562,iPhone,1,700.0,2019-12-17 10:43:00,"202 Spruce St, San Francisco, CA 94016",12,10,43,700.0,San Francisco,CA 94016
298658,iPhone,1,700.0,2019-12-11 14:51:00,"388 Washington St, San Francisco, CA 94016",12,14,51,700.0,San Francisco,CA 94016
298716,iPhone,1,700.0,2019-12-19 19:38:00,"724 14th St, Seattle, WA 98101",12,19,38,700.0,Seattle,WA 98101
298730,iPhone,1,700.0,2019-12-22 22:31:00,"265 11th St, Dallas, TX 75001",12,22,31,700.0,Dallas,TX 75001
298804,iPhone,1,700.0,2019-12-07 11:30:00,"505 West St, New York City, NY 10001",12,11,30,700.0,New York City,NY 10001
298806,iPhone,1,700.0,2019-12-03 17:22:00,"979 Madison St, New York City, NY 10001",12,17,22,700.0,New York City,NY 10001
298824,iPhone,1,700.0,2019-12-17 20:53:00,"118 8th St, Atlanta, GA 30301",12,20,53,700.0,Atlanta,GA 30301
298835,iPhone,1,700.0,2019-12-14 10:03:00,"45 Maple St, New York City, NY 10001",12,10,3,700.0,New York City,NY 10001
298916,iPhone,1,700.0,2019-12-30 07:16:00,"611 River St, Atlanta, GA 30301",12,7,16,700.0,Atlanta,GA 30301
298922,iPhone,1,700.0,2019-12-10 20:10:00,"171 Main St, Dallas, TX 75001",12,20,10,700.0,Dallas,TX 75001
298973,iPhone,1,700.0,2019-12-04 15:16:00,"560 South St, Seattle, WA 98101",12,15,16,700.0,Seattle,WA 98101
298985,iPhone,1,700.0,2019-12-14 10:07:00,"871 Main St, Los Angeles, CA 90001",12,10,7,700.0,Los Angeles,CA 90001
298991,iPhone,1,700.0,2019-12-29 20:29:00,"356 Spruce St, San Francisco, CA 94016",12,20,29,700.0,San Francisco,CA 94016
298994,iPhone,1,700.0,2019-12-06 16:04:00,"987 Lakeview St, Los Angeles, CA 90001",12,16,4,700.0,Los Angeles,CA 90001
299003,iPhone,1,700.0,2019-12-24 14:23:00,"142 Wilson St, San Francisco, CA 94016",12,14,23,700.0,San Francisco,CA 94016
299047,iPhone,1,700.0,2019-12-06 17:34:00,"233 Pine St, San Francisco, CA 94016",12,17,34,700.0,San Francisco,CA 94016
299062,iPhone,1,700.0,2019-12-20 12:21:00,"977 Cedar St, Dallas, TX 75001",12,12,21,700.0,Dallas,TX 75001
299064,iPhone,1,700.0,2019-12-22 17:04:00,"451 9th St, Los Angeles, CA 90001",12,17,4,700.0,Los Angeles,CA 90001
299065,iPhone,1,700.0,2019-12-28 10:02:00,"126 Hickory St, Portland, OR 97035",12,10,2,700.0,Portland,OR 97035
299066,iPhone,1,700.0,2019-12-29 16:45:00,"459 Meadow St, San Francisco, CA 94016",12,16,45,700.0,San Francisco,CA 94016
299067,iPhone,1,700.0,2019-12-03 12:42:00,"155 Church St, New York City, NY 10001",12,12,42,700.0,New York City,NY 10001
299074,iPhone,1,700.0,2019-12-16 14:09:00,"547 9th St, San Francisco, CA 94016",12,14,9,700.0,San Francisco,CA 94016
299076,iPhone,1,700.0,2019-12-11 10:40:00,"934 Church St, San Francisco, CA 94016",12,10,40,700.0,San Francisco,CA 94016
299102,iPhone,1,700.0,2019-12-08 09:05:00,"809 West St, Los Angeles, CA 90001",12,9,5,700.0,Los Angeles,CA 90001
299104,iPhone,1,700.0,2019-12-09 18:39:00,"104 Walnut St, San Francisco, CA 94016",12,18,39,700.0,San Francisco,CA 94016
299126,iPhone,1,700.0,2019-12-21 12:41:00,"256 Wilson St, Boston, MA 02215",12,12,41,700.0,Boston,MA 02215
299138,iPhone,1,700.0,2019-12-18 00:31:00,"153 Forest St, Dallas, TX 75001",12,0,31,700.0,Dallas,TX 75001
299169,iPhone,1,700.0,2019-12-21 19:40:00,"983 Madison St, New York City, NY 10001",12,19,40,700.0,New York City,NY 10001
299185,iPhone,1,700.0,2019-12-21 11:24:00,"975 South St, Atlanta, GA 30301",12,11,24,700.0,Atlanta,GA 30301
299215,iPhone,1,700.0,2019-12-05 10:56:00,"156 Willow St, Los Angeles, CA 90001",12,10,56,700.0,Los Angeles,CA 90001
299230,iPhone,1,700.0,2019-12-06 11:32:00,"611 Maple St, Seattle, WA 98101",12,11,32,700.0,Seattle,WA 98101
299236,iPhone,1,700.0,2019-12-10 16:13:00,"726 South St, Boston, MA 02215",12,16,13,700.0,Boston,MA 02215
299243,iPhone,1,700.0,2019-12-09 10:33:00,"288 North St, Los Angeles, CA 90001",12,10,33,700.0,Los Angeles,CA 90001
299250,iPhone,1,700.0,2019-12-22 23:33:00,"462 Dogwood St, Los Angeles, CA 90001",12,23,33,700.0,Los Angeles,CA 90001
299251,iPhone,1,700.0,2019-12-02 22:19:00,"87 Cherry St, Boston, MA 02215",12,22,19,700.0,Boston,MA 02215
299274,iPhone,1,700.0,2019-12-05 14:03:00,"814 5th St, Atlanta, GA 30301",12,14,3,700.0,Atlanta,GA 30301
299278,iPhone,1,700.0,2019-12-01 18:54:00,"57 Park St, San Francisco, CA 94016",12,18,54,700.0,San Francisco,CA 94016
299303,iPhone,1,700.0,2019-12-10 22:46:00,"199 Dogwood St, New York City, NY 10001",12,22,46,700.0,New York City,NY 10001
299305,iPhone,1,700.0,2019-12-10 20:06:00,"784 4th St, San Francisco, CA 94016",12,20,6,700.0,San Francisco,CA 94016
299320,iPhone,1,700.0,2019-12-12 15:14:00,"196 Church St, Los Angeles, CA 90001",12,15,14,700.0,Los Angeles,CA 90001
299328,iPhone,1,700.0,2019-12-21 12:11:00,"690 Ridge St, Boston, MA 02215",12,12,11,700.0,Boston,MA 02215
299398,iPhone,1,700.0,2019-12-09 12:23:00,"562 1st St, San Francisco, CA 94016",12,12,23,700.0,San Francisco,CA 94016
299437,iPhone,1,700.0,2019-12-12 13:50:00,"198 Hill St, Boston, MA 02215",12,13,50,700.0,Boston,MA 02215
299442,iPhone,1,700.0,2019-12-26 09:17:00,"416 Center St, New York City, NY 10001",12,9,17,700.0,New York City,NY 10001
299489,iPhone,1,700.0,2019-12-05 20:18:00,"327 Hickory St, New York City, NY 10001",12,20,18,700.0,New York City,NY 10001
299509,iPhone,1,700.0,2019-12-24 14:18:00,"404 River St, Atlanta, GA 30301",12,14,18,700.0,Atlanta,GA 30301
299527,iPhone,1,700.0,2019-12-29 15:31:00,"796 Johnson St, Los Angeles, CA 90001",12,15,31,700.0,Los Angeles,CA 90001
299535,iPhone,1,700.0,2019-12-09 00:15:00,"638 4th St, Los Angeles, CA 90001",12,0,15,700.0,Los Angeles,CA 90001
299574,iPhone,1,700.0,2019-12-09 12:13:00,"610 13th St, San Francisco, CA 94016",12,12,13,700.0,San Francisco,CA 94016
299583,iPhone,1,700.0,2019-12-24 21:08:00,"195 2nd St, Boston, MA 02215",12,21,8,700.0,Boston,MA 02215
299586,iPhone,1,700.0,2019-12-09 01:50:00,"770 Highland St, Boston, MA 02215",12,1,50,700.0,Boston,MA 02215
299598,iPhone,1,700.0,2019-12-05 12:11:00,"528 Meadow St, Portland, OR 97035",12,12,11,700.0,Portland,OR 97035
299624,iPhone,1,700.0,2019-12-14 07:53:00,"575 Elm St, San Francisco, CA 94016",12,7,53,700.0,San Francisco,CA 94016
299632,iPhone,1,700.0,2019-12-18 09:10:00,"727 Dogwood St, Los Angeles, CA 90001",12,9,10,700.0,Los Angeles,CA 90001
299748,iPhone,1,700.0,2019-12-17 14:00:00,"523 Cedar St, San Francisco, CA 94016",12,14,0,700.0,San Francisco,CA 94016
299783,iPhone,1,700.0,2019-12-08 09:28:00,"34 13th St, Seattle, WA 98101",12,9,28,700.0,Seattle,WA 98101
299785,iPhone,1,700.0,2019-12-06 17:42:00,"403 2nd St, Dallas, TX 75001",12,17,42,700.0,Dallas,TX 75001
299821,iPhone,1,700.0,2019-12-02 19:13:00,"611 Maple St, New York City, NY 10001",12,19,13,700.0,New York City,NY 10001
299830,iPhone,1,700.0,2019-12-25 18:58:00,"208 Jackson St, Los Angeles, CA 90001",12,18,58,700.0,Los Angeles,CA 90001
299874,iPhone,1,700.0,2019-12-19 09:47:00,"159 Park St, Atlanta, GA 30301",12,9,47,700.0,Atlanta,GA 30301
299880,iPhone,1,700.0,2019-12-19 18:51:00,"144 Washington St, Boston, MA 02215",12,18,51,700.0,Boston,MA 02215
299917,iPhone,1,700.0,2019-12-22 15:17:00,"612 Lincoln St, Boston, MA 02215",12,15,17,700.0,Boston,MA 02215
299981,iPhone,1,700.0,2019-12-09 20:17:00,"545 Chestnut St, Portland, OR 97035",12,20,17,700.0,Portland,OR 97035
299982,iPhone,1,700.0,2019-12-27 11:51:00,"210 Maple St, New York City, NY 10001",12,11,51,700.0,New York City,NY 10001
300020,iPhone,1,700.0,2019-12-02 16:24:00,"875 River St, Boston, MA 02215",12,16,24,700.0,Boston,MA 02215
300047,iPhone,1,700.0,2019-12-11 22:58:00,"519 Johnson St, Los Angeles, CA 90001",12,22,58,700.0,Los Angeles,CA 90001
300073,iPhone,1,700.0,2019-12-14 10:23:00,"638 5th St, New York City, NY 10001",12,10,23,700.0,New York City,NY 10001
300154,iPhone,1,700.0,2019-12-23 17:08:00,"817 12th St, Portland, OR 97035",12,17,8,700.0,Portland,OR 97035
300220,iPhone,1,700.0,2019-12-12 15:27:00,"22 2nd St, New York City, NY 10001",12,15,27,700.0,New York City,NY 10001
300222,iPhone,1,700.0,2019-12-16 16:14:00,"957 Hill St, New York City, NY 10001",12,16,14,700.0,New York City,NY 10001
300224,iPhone,1,700.0,2019-12-01 12:33:00,"662 14th St, Seattle, WA 98101",12,12,33,700.0,Seattle,WA 98101
300230,iPhone,1,700.0,2019-12-20 06:02:00,"804 Jackson St, San Francisco, CA 94016",12,6,2,700.0,San Francisco,CA 94016
300260,iPhone,1,700.0,2019-12-11 13:39:00,"224 Lake St, Portland, ME 04101",12,13,39,700.0,Portland,ME 04101
300350,iPhone,1,700.0,2019-12-15 20:45:00,"349 West St, San Francisco, CA 94016",12,20,45,700.0,San Francisco,CA 94016
300358,iPhone,1,700.0,2019-12-14 13:30:00,"439 Johnson St, New York City, NY 10001",12,13,30,700.0,New York City,NY 10001
300419,iPhone,1,700.0,2019-12-18 21:12:00,"218 Cedar St, Portland, OR 97035",12,21,12,700.0,Portland,OR 97035
300486,iPhone,1,700.0,2019-12-12 17:33:00,"765 Johnson St, Dallas, TX 75001",12,17,33,700.0,Dallas,TX 75001
300495,iPhone,1,700.0,2019-12-08 12:44:00,"516 11th St, New York City, NY 10001",12,12,44,700.0,New York City,NY 10001
300502,iPhone,1,700.0,2019-12-09 13:47:00,"654 Pine St, Los Angeles, CA 90001",12,13,47,700.0,Los Angeles,CA 90001
300505,iPhone,1,700.0,2019-12-24 21:11:00,"199 6th St, Dallas, TX 75001",12,21,11,700.0,Dallas,TX 75001
300513,iPhone,1,700.0,2019-12-27 08:27:00,"131 Ridge St, San Francisco, CA 94016",12,8,27,700.0,San Francisco,CA 94016
300588,iPhone,1,700.0,2019-12-07 22:44:00,"771 Wilson St, Dallas, TX 75001",12,22,44,700.0,Dallas,TX 75001
300615,iPhone,1,700.0,2019-12-24 10:05:00,"322 Maple St, San Francisco, CA 94016",12,10,5,700.0,San Francisco,CA 94016
300659,iPhone,1,700.0,2019-12-11 22:58:00,"781 South St, San Francisco, CA 94016",12,22,58,700.0,San Francisco,CA 94016
300669,iPhone,1,700.0,2019-12-24 00:17:00,"745 Maple St, Boston, MA 02215",12,0,17,700.0,Boston,MA 02215
300673,iPhone,1,700.0,2019-12-18 19:18:00,"236 Madison St, Los Angeles, CA 90001",12,19,18,700.0,Los Angeles,CA 90001
300714,iPhone,1,700.0,2019-12-12 18:48:00,"898 Maple St, Dallas, TX 75001",12,18,48,700.0,Dallas,TX 75001
300737,iPhone,1,700.0,2019-12-12 16:08:00,"884 Center St, Atlanta, GA 30301",12,16,8,700.0,Atlanta,GA 30301
300761,iPhone,1,700.0,2019-12-16 21:15:00,"524 Hill St, New York City, NY 10001",12,21,15,700.0,New York City,NY 10001
300781,iPhone,1,700.0,2019-12-14 21:12:00,"994 12th St, New York City, NY 10001",12,21,12,700.0,New York City,NY 10001
300834,iPhone,1,700.0,2019-12-08 17:37:00,"682 2nd St, San Francisco, CA 94016",12,17,37,700.0,San Francisco,CA 94016
300857,iPhone,1,700.0,2019-12-01 21:13:00,"74 Walnut St, Austin, TX 73301",12,21,13,700.0,Austin,TX 73301
300877,iPhone,1,700.0,2019-12-13 10:21:00,"685 4th St, San Francisco, CA 94016",12,10,21,700.0,San Francisco,CA 94016
300937,iPhone,1,700.0,2019-12-11 19:32:00,"827 1st St, New York City, NY 10001",12,19,32,700.0,New York City,NY 10001
301021,iPhone,1,700.0,2019-12-20 17:22:00,"729 West St, Los Angeles, CA 90001",12,17,22,700.0,Los Angeles,CA 90001
301034,iPhone,1,700.0,2019-12-14 08:29:00,"777 Jefferson St, New York City, NY 10001",12,8,29,700.0,New York City,NY 10001
301050,iPhone,1,700.0,2019-12-10 11:58:00,"310 Pine St, San Francisco, CA 94016",12,11,58,700.0,San Francisco,CA 94016
301103,iPhone,1,700.0,2019-12-12 12:03:00,"989 Main St, Boston, MA 02215",12,12,3,700.0,Boston,MA 02215
301145,iPhone,1,700.0,2019-12-23 14:25:00,"586 12th St, San Francisco, CA 94016",12,14,25,700.0,San Francisco,CA 94016
301165,iPhone,1,700.0,2019-12-24 11:51:00,"734 Lake St, New York City, NY 10001",12,11,51,700.0,New York City,NY 10001
301202,iPhone,1,700.0,2019-12-10 17:28:00,"19 7th St, San Francisco, CA 94016",12,17,28,700.0,San Francisco,CA 94016
301206,iPhone,1,700.0,2019-12-18 16:28:00,"261 5th St, Los Angeles, CA 90001",12,16,28,700.0,Los Angeles,CA 90001
301253,iPhone,1,700.0,2019-12-01 14:59:00,"267 8th St, Boston, MA 02215",12,14,59,700.0,Boston,MA 02215
301278,iPhone,1,700.0,2019-12-21 05:22:00,"454 Highland St, New York City, NY 10001",12,5,22,700.0,New York City,NY 10001
301313,iPhone,1,700.0,2019-12-11 19:04:00,"6 Forest St, Portland, OR 97035",12,19,4,700.0,Portland,OR 97035
301315,iPhone,1,700.0,2019-12-30 21:00:00,"633 Dogwood St, Los Angeles, CA 90001",12,21,0,700.0,Los Angeles,CA 90001
301337,iPhone,1,700.0,2019-12-29 00:47:00,"12 6th St, Boston, MA 02215",12,0,47,700.0,Boston,MA 02215
301372,iPhone,1,700.0,2019-12-31 13:41:00,"41 Highland St, San Francisco, CA 94016",12,13,41,700.0,San Francisco,CA 94016
301424,iPhone,1,700.0,2019-12-19 23:02:00,"230 South St, Los Angeles, CA 90001",12,23,2,700.0,Los Angeles,CA 90001
301425,iPhone,1,700.0,2019-12-17 19:07:00,"731 2nd St, Boston, MA 02215",12,19,7,700.0,Boston,MA 02215
301438,iPhone,1,700.0,2019-12-13 14:51:00,"851 Lake St, Los Angeles, CA 90001",12,14,51,700.0,Los Angeles,CA 90001
301474,iPhone,1,700.0,2019-12-30 07:19:00,"594 Spruce St, Dallas, TX 75001",12,7,19,700.0,Dallas,TX 75001
301595,iPhone,1,700.0,2019-12-22 13:24:00,"609 12th St, San Francisco, CA 94016",12,13,24,700.0,San Francisco,CA 94016
301671,iPhone,1,700.0,2019-12-04 23:33:00,"868 Madison St, Austin, TX 73301",12,23,33,700.0,Austin,TX 73301
301701,iPhone,1,700.0,2019-12-15 13:23:00,"591 Maple St, Seattle, WA 98101",12,13,23,700.0,Seattle,WA 98101
301723,iPhone,1,700.0,2019-12-16 23:11:00,"696 Meadow St, Portland, OR 97035",12,23,11,700.0,Portland,OR 97035
301729,iPhone,1,700.0,2019-12-19 16:42:00,"492 South St, Los Angeles, CA 90001",12,16,42,700.0,Los Angeles,CA 90001
301765,iPhone,1,700.0,2019-12-07 23:07:00,"979 5th St, Atlanta, GA 30301",12,23,7,700.0,Atlanta,GA 30301
301797,iPhone,1,700.0,2019-12-05 11:11:00,"822 Park St, Seattle, WA 98101",12,11,11,700.0,Seattle,WA 98101
301801,iPhone,1,700.0,2019-12-09 01:09:00,"826 11th St, Seattle, WA 98101",12,1,9,700.0,Seattle,WA 98101
301817,iPhone,1,700.0,2019-12-14 18:10:00,"889 Ridge St, Los Angeles, CA 90001",12,18,10,700.0,Los Angeles,CA 90001
301821,iPhone,1,700.0,2019-12-01 18:41:00,"623 Lakeview St, Los Angeles, CA 90001",12,18,41,700.0,Los Angeles,CA 90001
301845,iPhone,1,700.0,2019-12-23 10:11:00,"602 2nd St, Austin, TX 73301",12,10,11,700.0,Austin,TX 73301
301892,iPhone,1,700.0,2019-12-13 12:35:00,"6 Walnut St, Portland, OR 97035",12,12,35,700.0,Portland,OR 97035
301899,iPhone,1,700.0,2019-12-25 09:42:00,"506 Walnut St, Portland, OR 97035",12,9,42,700.0,Portland,OR 97035
301907,iPhone,1,700.0,2019-12-12 11:07:00,"768 10th St, San Francisco, CA 94016",12,11,7,700.0,San Francisco,CA 94016
301935,iPhone,1,700.0,2019-12-02 05:11:00,"271 4th St, Los Angeles, CA 90001",12,5,11,700.0,Los Angeles,CA 90001
301945,iPhone,1,700.0,2019-12-26 17:08:00,"791 12th St, Portland, OR 97035",12,17,8,700.0,Portland,OR 97035
302005,iPhone,1,700.0,2019-12-04 18:48:00,"902 Washington St, San Francisco, CA 94016",12,18,48,700.0,San Francisco,CA 94016
302009,iPhone,1,700.0,2019-12-30 01:55:00,"446 Madison St, Los Angeles, CA 90001",12,1,55,700.0,Los Angeles,CA 90001
302011,iPhone,1,700.0,2019-12-15 11:49:00,"245 Lakeview St, San Francisco, CA 94016",12,11,49,700.0,San Francisco,CA 94016
302055,iPhone,1,700.0,2019-12-21 20:34:00,"156 West St, Los Angeles, CA 90001",12,20,34,700.0,Los Angeles,CA 90001
302118,iPhone,1,700.0,2019-12-09 08:38:00,"881 Highland St, San Francisco, CA 94016",12,8,38,700.0,San Francisco,CA 94016
302122,iPhone,1,700.0,2019-12-09 13:20:00,"440 Washington St, San Francisco, CA 94016",12,13,20,700.0,San Francisco,CA 94016
302295,iPhone,1,700.0,2019-12-27 10:12:00,"215 Madison St, Seattle, WA 98101",12,10,12,700.0,Seattle,WA 98101
302329,iPhone,1,700.0,2019-12-17 08:18:00,"754 11th St, San Francisco, CA 94016",12,8,18,700.0,San Francisco,CA 94016
302332,iPhone,1,700.0,2019-12-11 15:33:00,"575 Jefferson St, Los Angeles, CA 90001",12,15,33,700.0,Los Angeles,CA 90001
302401,iPhone,1,700.0,2019-12-18 23:12:00,"382 Cherry St, Dallas, TX 75001",12,23,12,700.0,Dallas,TX 75001
302512,iPhone,1,700.0,2019-12-27 20:14:00,"241 River St, Los Angeles, CA 90001",12,20,14,700.0,Los Angeles,CA 90001
302514,iPhone,1,700.0,2019-12-24 13:28:00,"134 Sunset St, Los Angeles, CA 90001",12,13,28,700.0,Los Angeles,CA 90001
302528,iPhone,1,700.0,2019-12-12 07:56:00,"375 11th St, Boston, MA 02215",12,7,56,700.0,Boston,MA 02215
302534,iPhone,1,700.0,2019-12-23 16:06:00,"899 Dogwood St, New York City, NY 10001",12,16,6,700.0,New York City,NY 10001
302561,iPhone,1,700.0,2019-12-12 12:08:00,"496 Willow St, Dallas, TX 75001",12,12,8,700.0,Dallas,TX 75001
302571,iPhone,1,700.0,2019-12-01 20:55:00,"454 Lakeview St, New York City, NY 10001",12,20,55,700.0,New York City,NY 10001
302591,iPhone,1,700.0,2019-12-03 22:06:00,"924 8th St, Los Angeles, CA 90001",12,22,6,700.0,Los Angeles,CA 90001
302658,iPhone,1,700.0,2019-12-04 14:05:00,"382 Walnut St, Los Angeles, CA 90001",12,14,5,700.0,Los Angeles,CA 90001
302683,iPhone,1,700.0,2019-12-08 11:13:00,"711 Jefferson St, Los Angeles, CA 90001",12,11,13,700.0,Los Angeles,CA 90001
302691,iPhone,1,700.0,2019-12-29 07:49:00,"283 South St, Los Angeles, CA 90001",12,7,49,700.0,Los Angeles,CA 90001
302721,iPhone,1,700.0,2019-12-24 23:30:00,"70 Adams St, Seattle, WA 98101",12,23,30,700.0,Seattle,WA 98101
302746,iPhone,1,700.0,2019-12-12 20:50:00,"193 Forest St, San Francisco, CA 94016",12,20,50,700.0,San Francisco,CA 94016
302750,iPhone,1,700.0,2019-12-04 12:36:00,"995 Cedar St, Austin, TX 73301",12,12,36,700.0,Austin,TX 73301
302751,iPhone,1,700.0,2019-12-02 14:29:00,"158 Washington St, San Francisco, CA 94016",12,14,29,700.0,San Francisco,CA 94016
302773,iPhone,1,700.0,2019-12-21 12:27:00,"966 Meadow St, San Francisco, CA 94016",12,12,27,700.0,San Francisco,CA 94016
302790,iPhone,1,700.0,2019-12-14 12:04:00,"185 South St, Boston, MA 02215",12,12,4,700.0,Boston,MA 02215
302835,iPhone,1,700.0,2019-12-13 11:45:00,"216 Johnson St, Los Angeles, CA 90001",12,11,45,700.0,Los Angeles,CA 90001
302849,iPhone,1,700.0,2019-12-16 19:36:00,"34 Lake St, San Francisco, CA 94016",12,19,36,700.0,San Francisco,CA 94016
302866,iPhone,1,700.0,2019-12-30 17:57:00,"845 Ridge St, Boston, MA 02215",12,17,57,700.0,Boston,MA 02215
302900,iPhone,1,700.0,2019-12-05 20:55:00,"345 Wilson St, New York City, NY 10001",12,20,55,700.0,New York City,NY 10001
302967,iPhone,1,700.0,2019-12-14 13:13:00,"165 Adams St, New York City, NY 10001",12,13,13,700.0,New York City,NY 10001
302982,iPhone,1,700.0,2019-12-10 05:55:00,"759 Hickory St, San Francisco, CA 94016",12,5,55,700.0,San Francisco,CA 94016
303010,iPhone,1,700.0,2019-12-03 04:47:00,"308 Willow St, Boston, MA 02215",12,4,47,700.0,Boston,MA 02215
303026,iPhone,1,700.0,2019-12-07 12:34:00,"117 Washington St, San Francisco, CA 94016",12,12,34,700.0,San Francisco,CA 94016
303051,iPhone,1,700.0,2019-12-25 20:15:00,"541 Washington St, Portland, OR 97035",12,20,15,700.0,Portland,OR 97035
303097,iPhone,1,700.0,2019-12-28 17:46:00,"927 Ridge St, Austin, TX 73301",12,17,46,700.0,Austin,TX 73301
303113,iPhone,1,700.0,2019-12-29 17:27:00,"615 Chestnut St, Austin, TX 73301",12,17,27,700.0,Austin,TX 73301
303116,iPhone,1,700.0,2019-12-14 16:20:00,"947 14th St, Atlanta, GA 30301",12,16,20,700.0,Atlanta,GA 30301
303147,iPhone,1,700.0,2019-12-31 19:40:00,"499 13th St, Atlanta, GA 30301",12,19,40,700.0,Atlanta,GA 30301
303154,iPhone,1,700.0,2019-12-25 08:53:00,"126 Church St, San Francisco, CA 94016",12,8,53,700.0,San Francisco,CA 94016
303172,iPhone,1,700.0,2019-12-14 20:28:00,"633 Washington St, New York City, NY 10001",12,20,28,700.0,New York City,NY 10001
303213,iPhone,1,700.0,2019-12-24 09:30:00,"831 7th St, Portland, OR 97035",12,9,30,700.0,Portland,OR 97035
303218,iPhone,1,700.0,2019-12-05 01:26:00,"165 5th St, Atlanta, GA 30301",12,1,26,700.0,Atlanta,GA 30301
303240,iPhone,1,700.0,2019-12-04 10:03:00,"61 Hickory St, Los Angeles, CA 90001",12,10,3,700.0,Los Angeles,CA 90001
303258,iPhone,1,700.0,2019-12-11 08:27:00,"37 Washington St, San Francisco, CA 94016",12,8,27,700.0,San Francisco,CA 94016
303276,iPhone,1,700.0,2019-12-30 21:30:00,"741 Hickory St, San Francisco, CA 94016",12,21,30,700.0,San Francisco,CA 94016
303287,iPhone,1,700.0,2019-12-18 22:00:00,"263 Madison St, Boston, MA 02215",12,22,0,700.0,Boston,MA 02215
303289,iPhone,1,700.0,2019-12-01 18:58:00,"559 5th St, Los Angeles, CA 90001",12,18,58,700.0,Los Angeles,CA 90001
303344,iPhone,1,700.0,2019-12-26 16:19:00,"252 Cedar St, New York City, NY 10001",12,16,19,700.0,New York City,NY 10001
303356,iPhone,1,700.0,2019-12-30 18:14:00,"288 Willow St, Seattle, WA 98101",12,18,14,700.0,Seattle,WA 98101
303368,iPhone,1,700.0,2019-12-08 14:39:00,"605 Cedar St, Boston, MA 02215",12,14,39,700.0,Boston,MA 02215
303386,iPhone,1,700.0,2019-12-26 13:19:00,"106 Cedar St, San Francisco, CA 94016",12,13,19,700.0,San Francisco,CA 94016
303404,iPhone,1,700.0,2019-12-12 09:30:00,"200 Cedar St, San Francisco, CA 94016",12,9,30,700.0,San Francisco,CA 94016
303467,iPhone,1,700.0,2019-12-18 19:00:00,"445 Hill St, New York City, NY 10001",12,19,0,700.0,New York City,NY 10001
303477,iPhone,1,700.0,2019-12-19 12:34:00,"545 12th St, Boston, MA 02215",12,12,34,700.0,Boston,MA 02215
303479,iPhone,1,700.0,2019-12-22 20:03:00,"946 Jackson St, Seattle, WA 98101",12,20,3,700.0,Seattle,WA 98101
303509,iPhone,1,700.0,2019-12-31 18:29:00,"673 Lakeview St, Boston, MA 02215",12,18,29,700.0,Boston,MA 02215
303511,iPhone,1,700.0,2019-12-29 10:56:00,"719 9th St, New York City, NY 10001",12,10,56,700.0,New York City,NY 10001
303513,iPhone,1,700.0,2019-12-26 12:05:00,"890 West St, Boston, MA 02215",12,12,5,700.0,Boston,MA 02215
303520,iPhone,1,700.0,2019-12-21 18:53:00,"800 Hill St, Los Angeles, CA 90001",12,18,53,700.0,Los Angeles,CA 90001
303527,iPhone,1,700.0,2019-12-07 18:07:00,"617 6th St, San Francisco, CA 94016",12,18,7,700.0,San Francisco,CA 94016
303545,iPhone,1,700.0,2019-12-11 21:25:00,"456 7th St, San Francisco, CA 94016",12,21,25,700.0,San Francisco,CA 94016
303591,iPhone,1,700.0,2019-12-25 11:47:00,"717 South St, San Francisco, CA 94016",12,11,47,700.0,San Francisco,CA 94016
303597,iPhone,1,700.0,2019-12-14 22:20:00,"951 10th St, Boston, MA 02215",12,22,20,700.0,Boston,MA 02215
303603,iPhone,1,700.0,2019-12-21 16:42:00,"547 Lakeview St, New York City, NY 10001",12,16,42,700.0,New York City,NY 10001
303608,iPhone,1,700.0,2019-12-06 11:56:00,"592 Sunset St, Seattle, WA 98101",12,11,56,700.0,Seattle,WA 98101
303667,iPhone,1,700.0,2019-12-11 19:39:00,"301 North St, New York City, NY 10001",12,19,39,700.0,New York City,NY 10001
303694,iPhone,1,700.0,2019-12-22 04:40:00,"424 Spruce St, New York City, NY 10001",12,4,40,700.0,New York City,NY 10001
303704,iPhone,1,700.0,2019-12-04 16:25:00,"157 West St, Boston, MA 02215",12,16,25,700.0,Boston,MA 02215
303719,iPhone,1,700.0,2019-12-02 16:08:00,"349 Lake St, Seattle, WA 98101",12,16,8,700.0,Seattle,WA 98101
303720,iPhone,1,700.0,2019-12-29 23:40:00,"974 South St, Dallas, TX 75001",12,23,40,700.0,Dallas,TX 75001
303827,iPhone,1,700.0,2019-12-26 18:55:00,"746 Lakeview St, Portland, OR 97035",12,18,55,700.0,Portland,OR 97035
303870,iPhone,1,700.0,2019-12-31 01:09:00,"631 9th St, Atlanta, GA 30301",12,1,9,700.0,Atlanta,GA 30301
303873,iPhone,1,700.0,2019-12-12 14:29:00,"638 Church St, Los Angeles, CA 90001",12,14,29,700.0,Los Angeles,CA 90001
303890,iPhone,1,700.0,2019-12-26 09:17:00,"163 Walnut St, Atlanta, GA 30301",12,9,17,700.0,Atlanta,GA 30301
303910,iPhone,1,700.0,2019-12-05 09:44:00,"25 Sunset St, San Francisco, CA 94016",12,9,44,700.0,San Francisco,CA 94016
303920,iPhone,1,700.0,2019-12-10 16:42:00,"656 10th St, San Francisco, CA 94016",12,16,42,700.0,San Francisco,CA 94016
303943,iPhone,1,700.0,2019-12-23 08:58:00,"762 12th St, Boston, MA 02215",12,8,58,700.0,Boston,MA 02215
303960,iPhone,1,700.0,2019-12-30 18:18:00,"600 Madison St, San Francisco, CA 94016",12,18,18,700.0,San Francisco,CA 94016
303968,iPhone,1,700.0,2019-12-04 19:20:00,"982 5th St, Boston, MA 02215",12,19,20,700.0,Boston,MA 02215
303977,iPhone,1,700.0,2019-12-20 23:45:00,"585 Dogwood St, Seattle, WA 98101",12,23,45,700.0,Seattle,WA 98101
304030,iPhone,1,700.0,2019-12-03 18:02:00,"549 14th St, Los Angeles, CA 90001",12,18,2,700.0,Los Angeles,CA 90001
304032,iPhone,1,700.0,2019-12-15 21:51:00,"346 Church St, Seattle, WA 98101",12,21,51,700.0,Seattle,WA 98101
304045,iPhone,1,700.0,2019-12-24 08:24:00,"199 1st St, Seattle, WA 98101",12,8,24,700.0,Seattle,WA 98101
304067,iPhone,1,700.0,2019-12-25 09:02:00,"785 Maple St, San Francisco, CA 94016",12,9,2,700.0,San Francisco,CA 94016
304093,iPhone,1,700.0,2019-12-25 10:13:00,"566 Dogwood St, Dallas, TX 75001",12,10,13,700.0,Dallas,TX 75001
304136,iPhone,1,700.0,2019-12-23 12:08:00,"610 11th St, Portland, OR 97035",12,12,8,700.0,Portland,OR 97035
304244,iPhone,1,700.0,2019-12-04 12:21:00,"39 Forest St, New York City, NY 10001",12,12,21,700.0,New York City,NY 10001
304251,iPhone,1,700.0,2019-12-09 11:09:00,"547 7th St, Austin, TX 73301",12,11,9,700.0,Austin,TX 73301
304252,iPhone,1,700.0,2019-12-26 12:53:00,"783 Park St, Austin, TX 73301",12,12,53,700.0,Austin,TX 73301
304257,iPhone,1,700.0,2019-12-11 18:04:00,"68 9th St, Boston, MA 02215",12,18,4,700.0,Boston,MA 02215
304276,iPhone,1,700.0,2019-12-15 06:07:00,"358 5th St, New York City, NY 10001",12,6,7,700.0,New York City,NY 10001
304316,iPhone,1,700.0,2019-12-08 20:55:00,"228 5th St, New York City, NY 10001",12,20,55,700.0,New York City,NY 10001
304324,iPhone,1,700.0,2019-12-13 10:44:00,"293 Walnut St, San Francisco, CA 94016",12,10,44,700.0,San Francisco,CA 94016
304358,iPhone,1,700.0,2019-12-07 13:45:00,"844 12th St, Austin, TX 73301",12,13,45,700.0,Austin,TX 73301
304365,iPhone,1,700.0,2019-12-18 11:40:00,"45 Lake St, San Francisco, CA 94016",12,11,40,700.0,San Francisco,CA 94016
304387,iPhone,1,700.0,2019-12-11 16:47:00,"661 Park St, San Francisco, CA 94016",12,16,47,700.0,San Francisco,CA 94016
304465,iPhone,1,700.0,2019-12-10 15:51:00,"238 River St, Seattle, WA 98101",12,15,51,700.0,Seattle,WA 98101
304475,iPhone,1,700.0,2019-12-30 15:13:00,"674 Jefferson St, San Francisco, CA 94016",12,15,13,700.0,San Francisco,CA 94016
304523,iPhone,1,700.0,2019-12-05 07:49:00,"467 Madison St, Dallas, TX 75001",12,7,49,700.0,Dallas,TX 75001
304542,iPhone,1,700.0,2019-12-12 09:57:00,"231 Lake St, Atlanta, GA 30301",12,9,57,700.0,Atlanta,GA 30301
304568,iPhone,1,700.0,2019-12-10 16:25:00,"672 Dogwood St, San Francisco, CA 94016",12,16,25,700.0,San Francisco,CA 94016
304569,iPhone,1,700.0,2019-12-15 08:50:00,"519 Main St, Dallas, TX 75001",12,8,50,700.0,Dallas,TX 75001
304577,iPhone,1,700.0,2019-12-08 09:59:00,"775 Elm St, San Francisco, CA 94016",12,9,59,700.0,San Francisco,CA 94016
304627,iPhone,1,700.0,2019-12-14 11:40:00,"254 6th St, Dallas, TX 75001",12,11,40,700.0,Dallas,TX 75001
304674,iPhone,1,700.0,2019-12-03 17:24:00,"964 Meadow St, New York City, NY 10001",12,17,24,700.0,New York City,NY 10001
304692,iPhone,1,700.0,2019-12-19 09:45:00,"945 Hickory St, Boston, MA 02215",12,9,45,700.0,Boston,MA 02215
304716,iPhone,1,700.0,2019-12-27 18:41:00,"81 7th St, San Francisco, CA 94016",12,18,41,700.0,San Francisco,CA 94016
304718,iPhone,1,700.0,2019-12-18 00:07:00,"860 Madison St, Portland, OR 97035",12,0,7,700.0,Portland,OR 97035
304734,iPhone,1,700.0,2019-12-04 22:30:00,"266 6th St, Dallas, TX 75001",12,22,30,700.0,Dallas,TX 75001
304739,iPhone,1,700.0,2019-12-20 14:24:00,"479 Adams St, Dallas, TX 75001",12,14,24,700.0,Dallas,TX 75001
304740,iPhone,1,700.0,2019-12-21 11:55:00,"496 Dogwood St, Atlanta, GA 30301",12,11,55,700.0,Atlanta,GA 30301
304742,iPhone,1,700.0,2019-12-25 14:27:00,"354 Lincoln St, San Francisco, CA 94016",12,14,27,700.0,San Francisco,CA 94016
304754,iPhone,1,700.0,2019-12-11 11:44:00,"661 River St, Austin, TX 73301",12,11,44,700.0,Austin,TX 73301
304755,iPhone,1,700.0,2019-12-05 20:15:00,"685 Hickory St, Seattle, WA 98101",12,20,15,700.0,Seattle,WA 98101
304844,iPhone,1,700.0,2019-12-31 01:33:00,"199 Jackson St, Portland, OR 97035",12,1,33,700.0,Portland,OR 97035
304882,iPhone,1,700.0,2019-12-10 19:31:00,"201 Johnson St, Seattle, WA 98101",12,19,31,700.0,Seattle,WA 98101
304926,iPhone,1,700.0,2019-12-07 10:49:00,"14 Hill St, San Francisco, CA 94016",12,10,49,700.0,San Francisco,CA 94016
304928,iPhone,1,700.0,2019-12-23 23:02:00,"910 Johnson St, Los Angeles, CA 90001",12,23,2,700.0,Los Angeles,CA 90001
304931,iPhone,1,700.0,2019-12-01 09:32:00,"41 Maple St, San Francisco, CA 94016",12,9,32,700.0,San Francisco,CA 94016
304934,iPhone,1,700.0,2019-12-20 00:10:00,"874 Meadow St, Seattle, WA 98101",12,0,10,700.0,Seattle,WA 98101
304939,iPhone,1,700.0,2019-12-20 21:16:00,"96 Madison St, Boston, MA 02215",12,21,16,700.0,Boston,MA 02215
304968,iPhone,1,700.0,2019-12-21 16:42:00,"223 River St, Los Angeles, CA 90001",12,16,42,700.0,Los Angeles,CA 90001
304996,iPhone,1,700.0,2019-12-12 22:47:00,"799 Hickory St, New York City, NY 10001",12,22,47,700.0,New York City,NY 10001
305008,iPhone,1,700.0,2019-12-09 17:48:00,"610 Maple St, Dallas, TX 75001",12,17,48,700.0,Dallas,TX 75001
305042,iPhone,1,700.0,2019-12-21 10:02:00,"410 Washington St, Portland, ME 04101",12,10,2,700.0,Portland,ME 04101
305062,iPhone,1,700.0,2019-12-19 16:53:00,"213 Lake St, Seattle, WA 98101",12,16,53,700.0,Seattle,WA 98101
305073,iPhone,1,700.0,2019-12-26 12:40:00,"421 8th St, Boston, MA 02215",12,12,40,700.0,Boston,MA 02215
305084,iPhone,1,700.0,2019-12-05 12:59:00,"544 9th St, Dallas, TX 75001",12,12,59,700.0,Dallas,TX 75001
305150,iPhone,1,700.0,2019-12-14 15:29:00,"788 Jackson St, Dallas, TX 75001",12,15,29,700.0,Dallas,TX 75001
305169,iPhone,1,700.0,2019-12-19 08:19:00,"433 10th St, Atlanta, GA 30301",12,8,19,700.0,Atlanta,GA 30301
305174,iPhone,1,700.0,2019-12-28 17:30:00,"508 Pine St, San Francisco, CA 94016",12,17,30,700.0,San Francisco,CA 94016
305176,iPhone,1,700.0,2019-12-20 19:23:00,"512 Meadow St, San Francisco, CA 94016",12,19,23,700.0,San Francisco,CA 94016
305180,iPhone,1,700.0,2019-12-12 08:08:00,"102 Pine St, Atlanta, GA 30301",12,8,8,700.0,Atlanta,GA 30301
305192,iPhone,1,700.0,2019-12-27 13:20:00,"321 6th St, San Francisco, CA 94016",12,13,20,700.0,San Francisco,CA 94016
305229,iPhone,1,700.0,2019-12-16 23:52:00,"319 Dogwood St, San Francisco, CA 94016",12,23,52,700.0,San Francisco,CA 94016
305259,iPhone,1,700.0,2019-12-22 18:58:00,"467 Center St, Boston, MA 02215",12,18,58,700.0,Boston,MA 02215
305268,iPhone,1,700.0,2019-12-22 22:20:00,"516 Lincoln St, Los Angeles, CA 90001",12,22,20,700.0,Los Angeles,CA 90001
305275,iPhone,1,700.0,2019-12-11 18:50:00,"940 Cedar St, Atlanta, GA 30301",12,18,50,700.0,Atlanta,GA 30301
305302,iPhone,1,700.0,2019-12-26 08:58:00,"49 Cherry St, Boston, MA 02215",12,8,58,700.0,Boston,MA 02215
305326,iPhone,1,700.0,2019-12-06 17:52:00,"877 Lake St, Seattle, WA 98101",12,17,52,700.0,Seattle,WA 98101
305364,iPhone,1,700.0,2019-12-08 12:25:00,"627 14th St, Boston, MA 02215",12,12,25,700.0,Boston,MA 02215
305478,iPhone,1,700.0,2019-12-06 11:52:00,"372 Lincoln St, Dallas, TX 75001",12,11,52,700.0,Dallas,TX 75001
305498,iPhone,1,700.0,2019-12-08 09:58:00,"696 12th St, Los Angeles, CA 90001",12,9,58,700.0,Los Angeles,CA 90001
305501,iPhone,1,700.0,2019-12-01 21:16:00,"330 Willow St, Portland, ME 04101",12,21,16,700.0,Portland,ME 04101
305527,iPhone,1,700.0,2019-12-26 15:47:00,"526 12th St, San Francisco, CA 94016",12,15,47,700.0,San Francisco,CA 94016
305547,iPhone,1,700.0,2019-12-06 09:07:00,"395 Hill St, Seattle, WA 98101",12,9,7,700.0,Seattle,WA 98101
305554,iPhone,1,700.0,2019-12-13 00:37:00,"347 Center St, Boston, MA 02215",12,0,37,700.0,Boston,MA 02215
305620,iPhone,1,700.0,2019-12-28 17:10:00,"647 Adams St, San Francisco, CA 94016",12,17,10,700.0,San Francisco,CA 94016
305665,iPhone,1,700.0,2019-12-22 23:28:00,"725 Hickory St, Los Angeles, CA 90001",12,23,28,700.0,Los Angeles,CA 90001
305668,iPhone,1,700.0,2019-12-18 14:03:00,"359 Jefferson St, Seattle, WA 98101",12,14,3,700.0,Seattle,WA 98101
305683,iPhone,1,700.0,2019-12-26 12:02:00,"378 13th St, New York City, NY 10001",12,12,2,700.0,New York City,NY 10001
305744,iPhone,1,700.0,2019-12-04 00:51:00,"463 Willow St, Los Angeles, CA 90001",12,0,51,700.0,Los Angeles,CA 90001
305777,iPhone,1,700.0,2019-12-13 20:01:00,"884 West St, Boston, MA 02215",12,20,1,700.0,Boston,MA 02215
305827,iPhone,1,700.0,2019-12-04 16:30:00,"361 6th St, Boston, MA 02215",12,16,30,700.0,Boston,MA 02215
305837,iPhone,1,700.0,2019-12-15 19:43:00,"206 Willow St, San Francisco, CA 94016",12,19,43,700.0,San Francisco,CA 94016
305861,iPhone,1,700.0,2019-12-16 22:45:00,"24 Lincoln St, Seattle, WA 98101",12,22,45,700.0,Seattle,WA 98101
305862,iPhone,1,700.0,2019-12-22 11:12:00,"200 Ridge St, San Francisco, CA 94016",12,11,12,700.0,San Francisco,CA 94016
305871,iPhone,1,700.0,2019-12-06 13:56:00,"910 Hickory St, Portland, OR 97035",12,13,56,700.0,Portland,OR 97035
305885,iPhone,1,700.0,2019-12-24 18:07:00,"277 Forest St, San Francisco, CA 94016",12,18,7,700.0,San Francisco,CA 94016
305894,iPhone,1,700.0,2019-12-22 12:11:00,"70 Jefferson St, New York City, NY 10001",12,12,11,700.0,New York City,NY 10001
305906,iPhone,1,700.0,2019-12-17 22:24:00,"451 7th St, Atlanta, GA 30301",12,22,24,700.0,Atlanta,GA 30301
305916,iPhone,1,700.0,2019-12-27 20:01:00,"92 Maple St, San Francisco, CA 94016",12,20,1,700.0,San Francisco,CA 94016
305929,iPhone,1,700.0,2019-12-15 20:12:00,"889 Willow St, Dallas, TX 75001",12,20,12,700.0,Dallas,TX 75001
305936,iPhone,1,700.0,2019-12-13 08:32:00,"509 14th St, Los Angeles, CA 90001",12,8,32,700.0,Los Angeles,CA 90001
305948,iPhone,1,700.0,2019-12-16 12:53:00,"527 Willow St, Boston, MA 02215",12,12,53,700.0,Boston,MA 02215
305972,iPhone,1,700.0,2019-12-18 16:35:00,"896 Wilson St, San Francisco, CA 94016",12,16,35,700.0,San Francisco,CA 94016
305974,iPhone,1,700.0,2019-12-10 22:59:00,"273 Jackson St, San Francisco, CA 94016",12,22,59,700.0,San Francisco,CA 94016
306002,iPhone,1,700.0,2019-12-06 09:13:00,"39 Elm St, Seattle, WA 98101",12,9,13,700.0,Seattle,WA 98101
306043,iPhone,1,700.0,2019-12-04 11:59:00,"49 North St, Atlanta, GA 30301",12,11,59,700.0,Atlanta,GA 30301
306050,iPhone,1,700.0,2019-12-20 12:22:00,"136 Elm St, Los Angeles, CA 90001",12,12,22,700.0,Los Angeles,CA 90001
306082,iPhone,1,700.0,2019-12-30 05:04:00,"633 Lincoln St, New York City, NY 10001",12,5,4,700.0,New York City,NY 10001
306115,iPhone,1,700.0,2019-12-08 17:10:00,"433 2nd St, New York City, NY 10001",12,17,10,700.0,New York City,NY 10001
306147,iPhone,1,700.0,2019-12-29 23:05:00,"304 Jefferson St, Dallas, TX 75001",12,23,5,700.0,Dallas,TX 75001
306169,iPhone,1,700.0,2019-12-14 14:34:00,"416 Jefferson St, Boston, MA 02215",12,14,34,700.0,Boston,MA 02215
306185,iPhone,1,700.0,2019-12-11 13:25:00,"278 14th St, Portland, OR 97035",12,13,25,700.0,Portland,OR 97035
306194,iPhone,1,700.0,2019-12-04 11:12:00,"382 South St, New York City, NY 10001",12,11,12,700.0,New York City,NY 10001
306246,iPhone,1,700.0,2019-12-06 18:37:00,"761 Church St, San Francisco, CA 94016",12,18,37,700.0,San Francisco,CA 94016
306262,iPhone,1,700.0,2019-12-27 20:35:00,"86 Adams St, San Francisco, CA 94016",12,20,35,700.0,San Francisco,CA 94016
306267,iPhone,1,700.0,2019-12-23 18:58:00,"41 Jackson St, Atlanta, GA 30301",12,18,58,700.0,Atlanta,GA 30301
306269,iPhone,1,700.0,2019-12-15 17:21:00,"764 8th St, Portland, OR 97035",12,17,21,700.0,Portland,OR 97035
306270,iPhone,1,700.0,2019-12-21 06:27:00,"293 Cherry St, San Francisco, CA 94016",12,6,27,700.0,San Francisco,CA 94016
306275,iPhone,1,700.0,2019-12-25 22:02:00,"82 4th St, Los Angeles, CA 90001",12,22,2,700.0,Los Angeles,CA 90001
306298,iPhone,1,700.0,2019-12-09 11:00:00,"508 River St, Seattle, WA 98101",12,11,0,700.0,Seattle,WA 98101
306307,iPhone,1,700.0,2019-12-09 21:55:00,"249 Pine St, San Francisco, CA 94016",12,21,55,700.0,San Francisco,CA 94016
306311,iPhone,1,700.0,2019-12-11 23:36:00,"462 Willow St, Seattle, WA 98101",12,23,36,700.0,Seattle,WA 98101
306317,iPhone,1,700.0,2019-12-24 11:24:00,"790 Church St, New York City, NY 10001",12,11,24,700.0,New York City,NY 10001
306321,iPhone,1,700.0,2019-12-12 20:48:00,"36 Johnson St, Austin, TX 73301",12,20,48,700.0,Austin,TX 73301
306332,iPhone,1,700.0,2019-12-17 15:56:00,"552 Spruce St, Austin, TX 73301",12,15,56,700.0,Austin,TX 73301
306339,iPhone,1,700.0,2019-12-24 16:56:00,"710 Park St, Portland, OR 97035",12,16,56,700.0,Portland,OR 97035
306386,iPhone,1,700.0,2019-12-08 14:22:00,"424 Maple St, Seattle, WA 98101",12,14,22,700.0,Seattle,WA 98101
306441,iPhone,1,700.0,2019-12-26 11:55:00,"877 Center St, San Francisco, CA 94016",12,11,55,700.0,San Francisco,CA 94016
306442,iPhone,1,700.0,2019-12-17 16:26:00,"25 Johnson St, San Francisco, CA 94016",12,16,26,700.0,San Francisco,CA 94016
306449,iPhone,1,700.0,2019-12-26 23:43:00,"787 Madison St, Seattle, WA 98101",12,23,43,700.0,Seattle,WA 98101
306452,iPhone,1,700.0,2019-12-09 15:11:00,"551 River St, Seattle, WA 98101",12,15,11,700.0,Seattle,WA 98101
306574,iPhone,1,700.0,2019-12-26 22:03:00,"728 Highland St, Boston, MA 02215",12,22,3,700.0,Boston,MA 02215
306576,iPhone,1,700.0,2019-12-18 21:08:00,"107 Walnut St, Portland, OR 97035",12,21,8,700.0,Portland,OR 97035
306586,iPhone,1,700.0,2019-12-20 13:54:00,"976 Elm St, Los Angeles, CA 90001",12,13,54,700.0,Los Angeles,CA 90001
306613,iPhone,1,700.0,2019-12-22 01:43:00,"952 Meadow St, Los Angeles, CA 90001",12,1,43,700.0,Los Angeles,CA 90001
306659,iPhone,1,700.0,2019-12-19 22:02:00,"394 Elm St, Boston, MA 02215",12,22,2,700.0,Boston,MA 02215
306714,iPhone,1,700.0,2019-12-26 18:41:00,"821 7th St, Boston, MA 02215",12,18,41,700.0,Boston,MA 02215
306767,iPhone,1,700.0,2019-12-10 00:00:00,"35 Lakeview St, San Francisco, CA 94016",12,0,0,700.0,San Francisco,CA 94016
306774,iPhone,1,700.0,2019-12-07 05:48:00,"78 Lincoln St, Austin, TX 73301",12,5,48,700.0,Austin,TX 73301
306775,iPhone,1,700.0,2019-12-13 17:48:00,"915 6th St, San Francisco, CA 94016",12,17,48,700.0,San Francisco,CA 94016
306787,iPhone,1,700.0,2019-12-21 16:44:00,"170 Dogwood St, Portland, OR 97035",12,16,44,700.0,Portland,OR 97035
306817,iPhone,1,700.0,2019-12-21 12:56:00,"815 13th St, San Francisco, CA 94016",12,12,56,700.0,San Francisco,CA 94016
306846,iPhone,1,700.0,2019-12-03 20:03:00,"377 North St, New York City, NY 10001",12,20,3,700.0,New York City,NY 10001
306857,iPhone,1,700.0,2019-12-03 18:31:00,"25 Lakeview St, Los Angeles, CA 90001",12,18,31,700.0,Los Angeles,CA 90001
306871,iPhone,1,700.0,2019-12-06 09:58:00,"260 2nd St, Los Angeles, CA 90001",12,9,58,700.0,Los Angeles,CA 90001
306877,iPhone,1,700.0,2019-12-21 21:32:00,"999 Cherry St, San Francisco, CA 94016",12,21,32,700.0,San Francisco,CA 94016
306950,iPhone,1,700.0,2019-12-30 19:28:00,"273 Park St, Boston, MA 02215",12,19,28,700.0,Boston,MA 02215
306955,iPhone,1,700.0,2019-12-20 20:34:00,"712 13th St, Los Angeles, CA 90001",12,20,34,700.0,Los Angeles,CA 90001
306959,iPhone,1,700.0,2019-12-20 11:45:00,"715 2nd St, New York City, NY 10001",12,11,45,700.0,New York City,NY 10001
306967,iPhone,1,700.0,2019-12-27 20:41:00,"559 Ridge St, Los Angeles, CA 90001",12,20,41,700.0,Los Angeles,CA 90001
306996,iPhone,1,700.0,2019-12-11 16:59:00,"771 Jackson St, San Francisco, CA 94016",12,16,59,700.0,San Francisco,CA 94016
307033,iPhone,1,700.0,2019-12-01 16:47:00,"684 12th St, Los Angeles, CA 90001",12,16,47,700.0,Los Angeles,CA 90001
307044,iPhone,1,700.0,2019-12-25 21:54:00,"336 7th St, Boston, MA 02215",12,21,54,700.0,Boston,MA 02215
307056,iPhone,1,700.0,2019-12-24 15:08:00,"788 13th St, New York City, NY 10001",12,15,8,700.0,New York City,NY 10001
307144,iPhone,1,700.0,2019-12-22 20:03:00,"265 Wilson St, Los Angeles, CA 90001",12,20,3,700.0,Los Angeles,CA 90001
307208,iPhone,1,700.0,2019-12-09 23:08:00,"758 Chestnut St, Dallas, TX 75001",12,23,8,700.0,Dallas,TX 75001
307236,iPhone,1,700.0,2019-12-02 07:16:00,"851 Forest St, Portland, OR 97035",12,7,16,700.0,Portland,OR 97035
307263,iPhone,1,700.0,2019-12-17 15:25:00,"399 Highland St, Dallas, TX 75001",12,15,25,700.0,Dallas,TX 75001
307300,iPhone,1,700.0,2019-12-19 20:04:00,"556 South St, Atlanta, GA 30301",12,20,4,700.0,Atlanta,GA 30301
307315,iPhone,1,700.0,2019-12-12 12:16:00,"41 Pine St, Los Angeles, CA 90001",12,12,16,700.0,Los Angeles,CA 90001
307317,iPhone,1,700.0,2019-12-24 12:05:00,"522 South St, Boston, MA 02215",12,12,5,700.0,Boston,MA 02215
307370,iPhone,1,700.0,2019-12-04 15:44:00,"283 Main St, New York City, NY 10001",12,15,44,700.0,New York City,NY 10001
307374,iPhone,1,700.0,2019-12-28 12:04:00,"84 South St, San Francisco, CA 94016",12,12,4,700.0,San Francisco,CA 94016
307426,iPhone,1,700.0,2019-12-16 14:23:00,"585 North St, Boston, MA 02215",12,14,23,700.0,Boston,MA 02215
307429,iPhone,1,700.0,2019-12-21 11:36:00,"722 1st St, Portland, OR 97035",12,11,36,700.0,Portland,OR 97035
307488,iPhone,1,700.0,2019-12-15 09:30:00,"515 Ridge St, Dallas, TX 75001",12,9,30,700.0,Dallas,TX 75001
307505,iPhone,1,700.0,2019-12-27 08:10:00,"251 Highland St, Austin, TX 73301",12,8,10,700.0,Austin,TX 73301
307518,iPhone,1,700.0,2019-12-10 18:12:00,"194 8th St, Los Angeles, CA 90001",12,18,12,700.0,Los Angeles,CA 90001
307523,iPhone,1,700.0,2019-12-22 07:20:00,"548 Spruce St, Seattle, WA 98101",12,7,20,700.0,Seattle,WA 98101
307685,iPhone,1,700.0,2019-12-17 17:06:00,"992 10th St, New York City, NY 10001",12,17,6,700.0,New York City,NY 10001
307744,iPhone,1,700.0,2019-12-15 20:39:00,"114 North St, Atlanta, GA 30301",12,20,39,700.0,Atlanta,GA 30301
307908,iPhone,1,700.0,2019-12-13 08:22:00,"142 12th St, San Francisco, CA 94016",12,8,22,700.0,San Francisco,CA 94016
307910,iPhone,1,700.0,2019-12-06 11:42:00,"765 10th St, Seattle, WA 98101",12,11,42,700.0,Seattle,WA 98101
307926,iPhone,1,700.0,2019-12-14 15:12:00,"494 2nd St, New York City, NY 10001",12,15,12,700.0,New York City,NY 10001
307939,iPhone,1,700.0,2019-12-05 18:24:00,"753 Main St, Atlanta, GA 30301",12,18,24,700.0,Atlanta,GA 30301
308019,iPhone,1,700.0,2019-12-04 18:27:00,"69 Hickory St, Los Angeles, CA 90001",12,18,27,700.0,Los Angeles,CA 90001
308040,iPhone,1,700.0,2019-12-02 15:58:00,"227 Park St, Seattle, WA 98101",12,15,58,700.0,Seattle,WA 98101
308051,iPhone,1,700.0,2019-12-09 16:38:00,"692 Meadow St, San Francisco, CA 94016",12,16,38,700.0,San Francisco,CA 94016
308061,iPhone,1,700.0,2019-12-27 19:22:00,"162 2nd St, Los Angeles, CA 90001",12,19,22,700.0,Los Angeles,CA 90001
308079,iPhone,1,700.0,2019-12-14 12:19:00,"156 13th St, San Francisco, CA 94016",12,12,19,700.0,San Francisco,CA 94016
308083,iPhone,1,700.0,2019-12-16 11:50:00,"417 7th St, Los Angeles, CA 90001",12,11,50,700.0,Los Angeles,CA 90001
308136,iPhone,1,700.0,2019-12-06 10:42:00,"963 2nd St, Los Angeles, CA 90001",12,10,42,700.0,Los Angeles,CA 90001
308183,iPhone,1,700.0,2019-12-11 13:25:00,"270 8th St, Los Angeles, CA 90001",12,13,25,700.0,Los Angeles,CA 90001
308210,iPhone,1,700.0,2019-12-21 12:10:00,"342 Cherry St, New York City, NY 10001",12,12,10,700.0,New York City,NY 10001
308221,iPhone,1,700.0,2019-12-03 19:20:00,"636 Hill St, Austin, TX 73301",12,19,20,700.0,Austin,TX 73301
308232,iPhone,1,700.0,2019-12-06 15:18:00,"997 12th St, San Francisco, CA 94016",12,15,18,700.0,San Francisco,CA 94016
308238,iPhone,1,700.0,2019-12-23 10:36:00,"173 Madison St, San Francisco, CA 94016",12,10,36,700.0,San Francisco,CA 94016
308274,iPhone,1,700.0,2019-12-17 19:20:00,"23 9th St, Los Angeles, CA 90001",12,19,20,700.0,Los Angeles,CA 90001
308304,iPhone,1,700.0,2019-12-29 12:49:00,"268 Jackson St, Boston, MA 02215",12,12,49,700.0,Boston,MA 02215
308323,iPhone,1,700.0,2019-12-01 22:10:00,"680 5th St, New York City, NY 10001",12,22,10,700.0,New York City,NY 10001
308408,iPhone,1,700.0,2019-12-10 22:38:00,"10 Madison St, Boston, MA 02215",12,22,38,700.0,Boston,MA 02215
308420,iPhone,1,700.0,2019-12-24 20:26:00,"275 North St, Los Angeles, CA 90001",12,20,26,700.0,Los Angeles,CA 90001
308427,iPhone,1,700.0,2019-12-25 15:30:00,"258 Jefferson St, Dallas, TX 75001",12,15,30,700.0,Dallas,TX 75001
308482,iPhone,1,700.0,2019-12-21 19:23:00,"866 1st St, New York City, NY 10001",12,19,23,700.0,New York City,NY 10001
308505,iPhone,1,700.0,2019-12-06 06:32:00,"280 6th St, Los Angeles, CA 90001",12,6,32,700.0,Los Angeles,CA 90001
308521,iPhone,1,700.0,2019-12-27 11:33:00,"988 Walnut St, Seattle, WA 98101",12,11,33,700.0,Seattle,WA 98101
308576,iPhone,1,700.0,2019-12-09 19:01:00,"87 Church St, Los Angeles, CA 90001",12,19,1,700.0,Los Angeles,CA 90001
308591,iPhone,1,700.0,2019-12-12 23:16:00,"431 South St, Boston, MA 02215",12,23,16,700.0,Boston,MA 02215
308640,iPhone,1,700.0,2019-12-20 09:57:00,"355 Cherry St, San Francisco, CA 94016",12,9,57,700.0,San Francisco,CA 94016
308647,iPhone,1,700.0,2019-12-18 01:28:00,"326 9th St, San Francisco, CA 94016",12,1,28,700.0,San Francisco,CA 94016
308660,iPhone,1,700.0,2019-12-13 18:15:00,"299 Cherry St, Portland, ME 04101",12,18,15,700.0,Portland,ME 04101
308674,iPhone,1,700.0,2019-12-16 22:08:00,"171 Lincoln St, Los Angeles, CA 90001",12,22,8,700.0,Los Angeles,CA 90001
308686,iPhone,1,700.0,2019-12-01 13:08:00,"634 West St, Seattle, WA 98101",12,13,8,700.0,Seattle,WA 98101
308726,iPhone,1,700.0,2019-12-16 17:28:00,"697 Meadow St, New York City, NY 10001",12,17,28,700.0,New York City,NY 10001
308733,iPhone,1,700.0,2019-12-09 21:31:00,"492 Jefferson St, Seattle, WA 98101",12,21,31,700.0,Seattle,WA 98101
308734,iPhone,1,700.0,2019-12-26 12:48:00,"270 8th St, Seattle, WA 98101",12,12,48,700.0,Seattle,WA 98101
308787,iPhone,1,700.0,2019-12-25 23:45:00,"530 Center St, Seattle, WA 98101",12,23,45,700.0,Seattle,WA 98101
308788,iPhone,1,700.0,2019-12-04 09:23:00,"319 Maple St, New York City, NY 10001",12,9,23,700.0,New York City,NY 10001
308795,iPhone,1,700.0,2019-12-01 15:55:00,"623 Dogwood St, Atlanta, GA 30301",12,15,55,700.0,Atlanta,GA 30301
308812,iPhone,1,700.0,2019-12-14 13:06:00,"201 Ridge St, Boston, MA 02215",12,13,6,700.0,Boston,MA 02215
308814,iPhone,1,700.0,2019-12-10 16:16:00,"732 12th St, Seattle, WA 98101",12,16,16,700.0,Seattle,WA 98101
308875,iPhone,1,700.0,2019-12-20 13:10:00,"192 Lakeview St, Boston, MA 02215",12,13,10,700.0,Boston,MA 02215
308891,iPhone,1,700.0,2019-12-03 02:45:00,"531 Cedar St, New York City, NY 10001",12,2,45,700.0,New York City,NY 10001
308918,iPhone,1,700.0,2019-12-19 12:57:00,"656 Willow St, Boston, MA 02215",12,12,57,700.0,Boston,MA 02215
308924,iPhone,1,700.0,2019-12-10 13:42:00,"881 14th St, New York City, NY 10001",12,13,42,700.0,New York City,NY 10001
308956,iPhone,1,700.0,2019-12-25 17:47:00,"303 Park St, New York City, NY 10001",12,17,47,700.0,New York City,NY 10001
308976,iPhone,1,700.0,2019-12-26 22:23:00,"112 2nd St, Los Angeles, CA 90001",12,22,23,700.0,Los Angeles,CA 90001
309024,iPhone,1,700.0,2019-12-04 17:19:00,"509 Lake St, San Francisco, CA 94016",12,17,19,700.0,San Francisco,CA 94016
309070,iPhone,1,700.0,2019-12-01 11:50:00,"575 West St, New York City, NY 10001",12,11,50,700.0,New York City,NY 10001
309094,iPhone,1,700.0,2019-12-04 22:25:00,"790 Lake St, Seattle, WA 98101",12,22,25,700.0,Seattle,WA 98101
309154,iPhone,1,700.0,2019-12-02 17:35:00,"121 14th St, Dallas, TX 75001",12,17,35,700.0,Dallas,TX 75001
309164,iPhone,1,700.0,2019-12-16 16:59:00,"890 Cherry St, Dallas, TX 75001",12,16,59,700.0,Dallas,TX 75001
309183,iPhone,1,700.0,2019-12-08 12:04:00,"242 Highland St, Seattle, WA 98101",12,12,4,700.0,Seattle,WA 98101
309215,iPhone,1,700.0,2019-12-20 07:56:00,"963 Elm St, San Francisco, CA 94016",12,7,56,700.0,San Francisco,CA 94016
309228,iPhone,1,700.0,2019-12-10 18:56:00,"79 Willow St, Portland, OR 97035",12,18,56,700.0,Portland,OR 97035
309266,iPhone,1,700.0,2019-12-04 18:03:00,"276 1st St, Dallas, TX 75001",12,18,3,700.0,Dallas,TX 75001
309278,iPhone,1,700.0,2019-12-19 17:15:00,"701 Center St, Portland, OR 97035",12,17,15,700.0,Portland,OR 97035
309309,iPhone,1,700.0,2019-12-21 08:48:00,"989 Chestnut St, Seattle, WA 98101",12,8,48,700.0,Seattle,WA 98101
309347,iPhone,1,700.0,2019-12-24 13:38:00,"967 Dogwood St, Dallas, TX 75001",12,13,38,700.0,Dallas,TX 75001
309374,iPhone,1,700.0,2019-12-21 10:47:00,"626 1st St, San Francisco, CA 94016",12,10,47,700.0,San Francisco,CA 94016
309392,iPhone,1,700.0,2019-12-14 20:33:00,"199 Johnson St, New York City, NY 10001",12,20,33,700.0,New York City,NY 10001
309403,iPhone,1,700.0,2019-12-08 22:03:00,"364 6th St, Boston, MA 02215",12,22,3,700.0,Boston,MA 02215
309434,iPhone,1,700.0,2019-12-19 09:19:00,"664 5th St, New York City, NY 10001",12,9,19,700.0,New York City,NY 10001
309442,iPhone,1,700.0,2019-12-20 15:02:00,"930 Jefferson St, Los Angeles, CA 90001",12,15,2,700.0,Los Angeles,CA 90001
309505,iPhone,1,700.0,2019-12-12 23:15:00,"485 8th St, San Francisco, CA 94016",12,23,15,700.0,San Francisco,CA 94016
309531,iPhone,1,700.0,2019-12-11 15:58:00,"410 River St, San Francisco, CA 94016",12,15,58,700.0,San Francisco,CA 94016
309548,iPhone,1,700.0,2019-12-09 14:04:00,"705 Hill St, New York City, NY 10001",12,14,4,700.0,New York City,NY 10001
309571,iPhone,1,700.0,2019-12-20 14:49:00,"529 12th St, Atlanta, GA 30301",12,14,49,700.0,Atlanta,GA 30301
309573,iPhone,1,700.0,2019-12-13 15:04:00,"883 Sunset St, Portland, OR 97035",12,15,4,700.0,Portland,OR 97035
309636,iPhone,1,700.0,2019-12-18 19:16:00,"653 5th St, Seattle, WA 98101",12,19,16,700.0,Seattle,WA 98101
309661,iPhone,1,700.0,2019-12-04 15:56:00,"346 Lake St, Austin, TX 73301",12,15,56,700.0,Austin,TX 73301
309662,iPhone,1,700.0,2019-12-04 11:20:00,"81 Cedar St, San Francisco, CA 94016",12,11,20,700.0,San Francisco,CA 94016
309692,iPhone,1,700.0,2019-12-13 12:02:00,"370 4th St, New York City, NY 10001",12,12,2,700.0,New York City,NY 10001
309722,iPhone,1,700.0,2019-12-24 19:13:00,"722 Chestnut St, New York City, NY 10001",12,19,13,700.0,New York City,NY 10001
309831,iPhone,1,700.0,2019-12-21 19:36:00,"578 Wilson St, Los Angeles, CA 90001",12,19,36,700.0,Los Angeles,CA 90001
309877,iPhone,1,700.0,2019-12-23 20:38:00,"1 Willow St, San Francisco, CA 94016",12,20,38,700.0,San Francisco,CA 94016
309902,iPhone,1,700.0,2019-12-11 10:22:00,"826 8th St, Los Angeles, CA 90001",12,10,22,700.0,Los Angeles,CA 90001
309941,iPhone,1,700.0,2019-12-31 12:35:00,"850 Cherry St, Boston, MA 02215",12,12,35,700.0,Boston,MA 02215
309980,iPhone,1,700.0,2019-12-08 18:22:00,"729 Jackson St, San Francisco, CA 94016",12,18,22,700.0,San Francisco,CA 94016
309996,iPhone,1,700.0,2019-12-14 18:56:00,"229 Walnut St, New York City, NY 10001",12,18,56,700.0,New York City,NY 10001
310005,iPhone,1,700.0,2019-12-30 23:26:00,"570 10th St, Boston, MA 02215",12,23,26,700.0,Boston,MA 02215
310034,iPhone,1,700.0,2019-12-28 13:16:00,"837 Madison St, Seattle, WA 98101",12,13,16,700.0,Seattle,WA 98101
310089,iPhone,1,700.0,2019-12-18 11:05:00,"908 Meadow St, San Francisco, CA 94016",12,11,5,700.0,San Francisco,CA 94016
310135,iPhone,1,700.0,2019-12-13 20:36:00,"37 Sunset St, Atlanta, GA 30301",12,20,36,700.0,Atlanta,GA 30301
310278,iPhone,1,700.0,2019-12-28 12:09:00,"908 Lakeview St, New York City, NY 10001",12,12,9,700.0,New York City,NY 10001
310313,iPhone,1,700.0,2019-12-16 08:57:00,"133 Madison St, San Francisco, CA 94016",12,8,57,700.0,San Francisco,CA 94016
310415,iPhone,1,700.0,2019-12-01 19:07:00,"322 2nd St, San Francisco, CA 94016",12,19,7,700.0,San Francisco,CA 94016
310465,iPhone,1,700.0,2019-12-07 10:44:00,"430 5th St, Boston, MA 02215",12,10,44,700.0,Boston,MA 02215
310498,iPhone,1,700.0,2019-12-01 18:36:00,"713 Lake St, Dallas, TX 75001",12,18,36,700.0,Dallas,TX 75001
310520,iPhone,1,700.0,2019-12-09 14:01:00,"760 11th St, Atlanta, GA 30301",12,14,1,700.0,Atlanta,GA 30301
310522,iPhone,1,700.0,2019-12-08 17:16:00,"120 8th St, New York City, NY 10001",12,17,16,700.0,New York City,NY 10001
310537,iPhone,1,700.0,2019-12-23 17:47:00,"359 South St, San Francisco, CA 94016",12,17,47,700.0,San Francisco,CA 94016
310566,iPhone,1,700.0,2019-12-23 20:21:00,"987 Washington St, New York City, NY 10001",12,20,21,700.0,New York City,NY 10001
310625,iPhone,1,700.0,2019-12-20 10:43:00,"295 Lake St, Boston, MA 02215",12,10,43,700.0,Boston,MA 02215
310644,iPhone,1,700.0,2019-12-28 17:14:00,"565 North St, New York City, NY 10001",12,17,14,700.0,New York City,NY 10001
310674,iPhone,1,700.0,2019-12-07 21:48:00,"385 12th St, Atlanta, GA 30301",12,21,48,700.0,Atlanta,GA 30301
310682,iPhone,1,700.0,2019-12-16 12:14:00,"290 Meadow St, Atlanta, GA 30301",12,12,14,700.0,Atlanta,GA 30301
310705,iPhone,1,700.0,2019-12-18 03:41:00,"909 Hickory St, Los Angeles, CA 90001",12,3,41,700.0,Los Angeles,CA 90001
310720,iPhone,1,700.0,2019-12-26 23:31:00,"947 2nd St, Los Angeles, CA 90001",12,23,31,700.0,Los Angeles,CA 90001
310732,iPhone,1,700.0,2019-12-23 20:50:00,"859 Center St, Seattle, WA 98101",12,20,50,700.0,Seattle,WA 98101
310773,iPhone,1,700.0,2019-12-05 11:16:00,"415 Johnson St, Boston, MA 02215",12,11,16,700.0,Boston,MA 02215
310804,iPhone,1,700.0,2019-12-23 17:51:00,"177 Spruce St, New York City, NY 10001",12,17,51,700.0,New York City,NY 10001
310818,iPhone,1,700.0,2019-12-07 18:17:00,"323 North St, San Francisco, CA 94016",12,18,17,700.0,San Francisco,CA 94016
310824,iPhone,1,700.0,2019-12-09 20:41:00,"229 Main St, New York City, NY 10001",12,20,41,700.0,New York City,NY 10001
310898,iPhone,1,700.0,2019-12-29 10:27:00,"903 Dogwood St, Atlanta, GA 30301",12,10,27,700.0,Atlanta,GA 30301
310949,iPhone,1,700.0,2019-12-24 07:02:00,"127 4th St, Seattle, WA 98101",12,7,2,700.0,Seattle,WA 98101
310963,iPhone,1,700.0,2019-12-25 17:23:00,"960 Adams St, New York City, NY 10001",12,17,23,700.0,New York City,NY 10001
310976,iPhone,1,700.0,2019-12-19 18:07:00,"266 West St, San Francisco, CA 94016",12,18,7,700.0,San Francisco,CA 94016
311003,iPhone,1,700.0,2019-12-04 18:20:00,"686 1st St, Austin, TX 73301",12,18,20,700.0,Austin,TX 73301
311015,iPhone,1,700.0,2019-12-03 10:34:00,"939 Ridge St, New York City, NY 10001",12,10,34,700.0,New York City,NY 10001
311030,iPhone,1,700.0,2019-12-03 13:20:00,"393 Walnut St, San Francisco, CA 94016",12,13,20,700.0,San Francisco,CA 94016
311065,iPhone,1,700.0,2019-12-06 16:08:00,"268 4th St, New York City, NY 10001",12,16,8,700.0,New York City,NY 10001
311091,iPhone,1,700.0,2019-12-02 15:03:00,"559 West St, San Francisco, CA 94016",12,15,3,700.0,San Francisco,CA 94016
311149,iPhone,1,700.0,2019-12-10 18:41:00,"15 Madison St, New York City, NY 10001",12,18,41,700.0,New York City,NY 10001
311153,iPhone,1,700.0,2019-12-27 18:28:00,"184 West St, Los Angeles, CA 90001",12,18,28,700.0,Los Angeles,CA 90001
311163,iPhone,1,700.0,2019-12-18 11:30:00,"759 7th St, Boston, MA 02215",12,11,30,700.0,Boston,MA 02215
311204,iPhone,1,700.0,2019-12-18 19:05:00,"849 West St, San Francisco, CA 94016",12,19,5,700.0,San Francisco,CA 94016
311225,iPhone,1,700.0,2019-12-27 14:43:00,"166 13th St, Boston, MA 02215",12,14,43,700.0,Boston,MA 02215
311241,iPhone,1,700.0,2019-12-18 16:20:00,"718 8th St, Austin, TX 73301",12,16,20,700.0,Austin,TX 73301
311282,iPhone,1,700.0,2019-12-16 14:31:00,"950 Cherry St, Boston, MA 02215",12,14,31,700.0,Boston,MA 02215
311291,iPhone,1,700.0,2019-12-13 20:57:00,"550 Lakeview St, Atlanta, GA 30301",12,20,57,700.0,Atlanta,GA 30301
311366,iPhone,1,700.0,2019-12-04 07:33:00,"156 5th St, San Francisco, CA 94016",12,7,33,700.0,San Francisco,CA 94016
311379,iPhone,1,700.0,2019-12-02 19:17:00,"244 9th St, Austin, TX 73301",12,19,17,700.0,Austin,TX 73301
311386,iPhone,1,700.0,2020-01-01 00:10:00,"730 Pine St, San Francisco, CA 94016",1,0,10,700.0,San Francisco,CA 94016
311427,iPhone,1,700.0,2019-12-26 22:15:00,"920 11th St, Los Angeles, CA 90001",12,22,15,700.0,Los Angeles,CA 90001
311469,iPhone,1,700.0,2019-12-21 16:33:00,"792 6th St, Boston, MA 02215",12,16,33,700.0,Boston,MA 02215
311500,iPhone,1,700.0,2019-12-10 14:09:00,"910 11th St, Atlanta, GA 30301",12,14,9,700.0,Atlanta,GA 30301
311519,iPhone,1,700.0,2019-12-17 00:11:00,"679 Ridge St, Seattle, WA 98101",12,0,11,700.0,Seattle,WA 98101
311520,iPhone,1,700.0,2019-12-31 22:35:00,"787 8th St, New York City, NY 10001",12,22,35,700.0,New York City,NY 10001
311563,iPhone,1,700.0,2019-12-09 20:16:00,"798 Jefferson St, Seattle, WA 98101",12,20,16,700.0,Seattle,WA 98101
311589,iPhone,1,700.0,2019-12-17 18:54:00,"124 1st St, Dallas, TX 75001",12,18,54,700.0,Dallas,TX 75001
311601,iPhone,1,700.0,2019-12-18 08:16:00,"766 West St, San Francisco, CA 94016",12,8,16,700.0,San Francisco,CA 94016
311606,iPhone,1,700.0,2019-12-04 20:35:00,"267 Forest St, Boston, MA 02215",12,20,35,700.0,Boston,MA 02215
311647,iPhone,1,700.0,2019-12-31 17:53:00,"19 Lincoln St, New York City, NY 10001",12,17,53,700.0,New York City,NY 10001
311671,iPhone,1,700.0,2019-12-01 16:08:00,"525 Main St, San Francisco, CA 94016",12,16,8,700.0,San Francisco,CA 94016
311680,iPhone,1,700.0,2019-12-01 22:38:00,"928 Church St, Los Angeles, CA 90001",12,22,38,700.0,Los Angeles,CA 90001
311717,iPhone,1,700.0,2019-12-14 07:52:00,"153 Pine St, San Francisco, CA 94016",12,7,52,700.0,San Francisco,CA 94016
311842,iPhone,1,700.0,2019-12-10 23:41:00,"754 Dogwood St, Portland, OR 97035",12,23,41,700.0,Portland,OR 97035
311917,iPhone,1,700.0,2019-12-24 10:04:00,"138 Hill St, Los Angeles, CA 90001",12,10,4,700.0,Los Angeles,CA 90001
311928,iPhone,1,700.0,2019-12-13 21:48:00,"258 9th St, Los Angeles, CA 90001",12,21,48,700.0,Los Angeles,CA 90001
311941,iPhone,1,700.0,2019-12-05 21:08:00,"711 Maple St, New York City, NY 10001",12,21,8,700.0,New York City,NY 10001
311960,iPhone,1,700.0,2019-12-13 14:28:00,"996 Sunset St, Boston, MA 02215",12,14,28,700.0,Boston,MA 02215
312023,iPhone,1,700.0,2019-12-22 21:49:00,"386 Wilson St, Los Angeles, CA 90001",12,21,49,700.0,Los Angeles,CA 90001
312040,iPhone,1,700.0,2019-12-14 17:44:00,"523 Madison St, Boston, MA 02215",12,17,44,700.0,Boston,MA 02215
312041,iPhone,1,700.0,2019-12-24 21:57:00,"971 Madison St, Los Angeles, CA 90001",12,21,57,700.0,Los Angeles,CA 90001
312044,iPhone,1,700.0,2019-12-31 11:53:00,"62 Johnson St, Los Angeles, CA 90001",12,11,53,700.0,Los Angeles,CA 90001
312066,iPhone,1,700.0,2019-12-12 08:10:00,"596 Elm St, Dallas, TX 75001",12,8,10,700.0,Dallas,TX 75001
312094,iPhone,1,700.0,2019-12-30 15:59:00,"559 Main St, San Francisco, CA 94016",12,15,59,700.0,San Francisco,CA 94016
312141,iPhone,1,700.0,2019-12-02 14:37:00,"336 Maple St, Los Angeles, CA 90001",12,14,37,700.0,Los Angeles,CA 90001
312186,iPhone,1,700.0,2019-12-19 13:32:00,"645 Spruce St, Los Angeles, CA 90001",12,13,32,700.0,Los Angeles,CA 90001
312189,iPhone,1,700.0,2019-12-07 07:31:00,"747 Cherry St, Austin, TX 73301",12,7,31,700.0,Austin,TX 73301
312254,iPhone,1,700.0,2019-12-19 22:20:00,"11 Park St, Portland, OR 97035",12,22,20,700.0,Portland,OR 97035
312393,iPhone,1,700.0,2019-12-01 13:47:00,"519 Pine St, Boston, MA 02215",12,13,47,700.0,Boston,MA 02215
312462,iPhone,1,700.0,2019-12-08 13:19:00,"210 Spruce St, San Francisco, CA 94016",12,13,19,700.0,San Francisco,CA 94016
312491,iPhone,1,700.0,2019-12-27 23:34:00,"759 West St, San Francisco, CA 94016",12,23,34,700.0,San Francisco,CA 94016
312570,iPhone,1,700.0,2019-12-04 14:55:00,"89 Cherry St, Seattle, WA 98101",12,14,55,700.0,Seattle,WA 98101
312613,iPhone,1,700.0,2019-12-22 18:02:00,"977 Maple St, San Francisco, CA 94016",12,18,2,700.0,San Francisco,CA 94016
312615,iPhone,1,700.0,2019-12-30 19:53:00,"146 12th St, Dallas, TX 75001",12,19,53,700.0,Dallas,TX 75001
312622,iPhone,1,700.0,2019-12-19 18:30:00,"544 Walnut St, San Francisco, CA 94016",12,18,30,700.0,San Francisco,CA 94016
312626,iPhone,1,700.0,2019-12-12 16:50:00,"938 Adams St, Boston, MA 02215",12,16,50,700.0,Boston,MA 02215
312654,iPhone,1,700.0,2019-12-08 16:47:00,"861 11th St, Boston, MA 02215",12,16,47,700.0,Boston,MA 02215
312657,iPhone,1,700.0,2019-12-29 14:37:00,"289 Chestnut St, Austin, TX 73301",12,14,37,700.0,Austin,TX 73301
312699,iPhone,1,700.0,2019-12-11 18:50:00,"163 North St, Seattle, WA 98101",12,18,50,700.0,Seattle,WA 98101
312720,iPhone,1,700.0,2019-12-28 14:50:00,"43 Ridge St, Dallas, TX 75001",12,14,50,700.0,Dallas,TX 75001
312777,iPhone,1,700.0,2019-12-08 17:53:00,"394 2nd St, San Francisco, CA 94016",12,17,53,700.0,San Francisco,CA 94016
312892,iPhone,1,700.0,2019-12-23 01:40:00,"956 Maple St, San Francisco, CA 94016",12,1,40,700.0,San Francisco,CA 94016
312905,iPhone,1,700.0,2019-12-31 22:21:00,"851 Dogwood St, New York City, NY 10001",12,22,21,700.0,New York City,NY 10001
312912,iPhone,1,700.0,2019-12-13 12:28:00,"518 Chestnut St, Los Angeles, CA 90001",12,12,28,700.0,Los Angeles,CA 90001
312918,iPhone,1,700.0,2019-12-30 14:41:00,"360 12th St, New York City, NY 10001",12,14,41,700.0,New York City,NY 10001
312926,iPhone,1,700.0,2019-12-27 19:26:00,"352 10th St, Los Angeles, CA 90001",12,19,26,700.0,Los Angeles,CA 90001
312927,iPhone,1,700.0,2019-12-31 11:51:00,"461 Adams St, San Francisco, CA 94016",12,11,51,700.0,San Francisco,CA 94016
312934,iPhone,1,700.0,2019-12-29 17:44:00,"893 Cherry St, Los Angeles, CA 90001",12,17,44,700.0,Los Angeles,CA 90001
312938,iPhone,1,700.0,2019-12-04 08:31:00,"638 Johnson St, Los Angeles, CA 90001",12,8,31,700.0,Los Angeles,CA 90001
312950,iPhone,1,700.0,2019-12-13 21:59:00,"916 Lincoln St, New York City, NY 10001",12,21,59,700.0,New York City,NY 10001
312958,iPhone,1,700.0,2019-12-23 19:31:00,"755 Church St, Los Angeles, CA 90001",12,19,31,700.0,Los Angeles,CA 90001
312994,iPhone,1,700.0,2019-12-19 13:08:00,"879 13th St, Seattle, WA 98101",12,13,8,700.0,Seattle,WA 98101
313056,iPhone,1,700.0,2019-12-31 18:40:00,"870 Forest St, New York City, NY 10001",12,18,40,700.0,New York City,NY 10001
313102,iPhone,1,700.0,2019-12-31 16:28:00,"891 Sunset St, Los Angeles, CA 90001",12,16,28,700.0,Los Angeles,CA 90001
313104,iPhone,1,700.0,2019-12-13 14:54:00,"557 Walnut St, Seattle, WA 98101",12,14,54,700.0,Seattle,WA 98101
313138,iPhone,1,700.0,2019-12-04 11:07:00,"577 Cedar St, Boston, MA 02215",12,11,7,700.0,Boston,MA 02215
313149,iPhone,1,700.0,2019-12-20 08:43:00,"427 Meadow St, San Francisco, CA 94016",12,8,43,700.0,San Francisco,CA 94016
313165,iPhone,1,700.0,2019-12-22 18:36:00,"483 Pine St, Atlanta, GA 30301",12,18,36,700.0,Atlanta,GA 30301
313168,iPhone,1,700.0,2019-12-04 16:07:00,"329 Cedar St, Atlanta, GA 30301",12,16,7,700.0,Atlanta,GA 30301
313222,iPhone,1,700.0,2019-12-23 17:37:00,"267 11th St, Los Angeles, CA 90001",12,17,37,700.0,Los Angeles,CA 90001
313235,iPhone,1,700.0,2019-12-15 21:09:00,"648 6th St, Seattle, WA 98101",12,21,9,700.0,Seattle,WA 98101
313270,iPhone,1,700.0,2019-12-28 19:48:00,"982 Park St, Los Angeles, CA 90001",12,19,48,700.0,Los Angeles,CA 90001
313281,iPhone,1,700.0,2019-12-11 16:14:00,"653 Lincoln St, New York City, NY 10001",12,16,14,700.0,New York City,NY 10001
313285,iPhone,1,700.0,2019-12-31 20:53:00,"718 8th St, San Francisco, CA 94016",12,20,53,700.0,San Francisco,CA 94016
313316,iPhone,1,700.0,2019-12-05 21:26:00,"316 Main St, Los Angeles, CA 90001",12,21,26,700.0,Los Angeles,CA 90001
313347,iPhone,1,700.0,2019-12-01 20:27:00,"189 Ridge St, Atlanta, GA 30301",12,20,27,700.0,Atlanta,GA 30301
313357,iPhone,1,700.0,2019-12-08 14:59:00,"404 9th St, Seattle, WA 98101",12,14,59,700.0,Seattle,WA 98101
313360,iPhone,1,700.0,2019-12-15 11:45:00,"445 Madison St, Los Angeles, CA 90001",12,11,45,700.0,Los Angeles,CA 90001
313385,iPhone,1,700.0,2019-12-23 10:04:00,"8 Sunset St, Los Angeles, CA 90001",12,10,4,700.0,Los Angeles,CA 90001
313466,iPhone,1,700.0,2019-12-01 20:18:00,"189 Center St, Atlanta, GA 30301",12,20,18,700.0,Atlanta,GA 30301
313473,iPhone,1,700.0,2019-12-17 07:53:00,"845 5th St, Dallas, TX 75001",12,7,53,700.0,Dallas,TX 75001
313521,iPhone,1,700.0,2019-12-31 19:55:00,"903 Jefferson St, Los Angeles, CA 90001",12,19,55,700.0,Los Angeles,CA 90001
313534,iPhone,1,700.0,2019-12-03 12:14:00,"957 Hickory St, New York City, NY 10001",12,12,14,700.0,New York City,NY 10001
313554,iPhone,1,700.0,2019-12-09 20:13:00,"144 Wilson St, Los Angeles, CA 90001",12,20,13,700.0,Los Angeles,CA 90001
313592,iPhone,1,700.0,2019-12-02 21:53:00,"816 2nd St, Los Angeles, CA 90001",12,21,53,700.0,Los Angeles,CA 90001
313606,iPhone,1,700.0,2019-12-16 10:23:00,"546 Adams St, New York City, NY 10001",12,10,23,700.0,New York City,NY 10001
313636,iPhone,1,700.0,2019-12-30 17:40:00,"670 Elm St, Portland, OR 97035",12,17,40,700.0,Portland,OR 97035
313666,iPhone,1,700.0,2019-12-04 13:46:00,"313 Highland St, Los Angeles, CA 90001",12,13,46,700.0,Los Angeles,CA 90001
313712,iPhone,1,700.0,2019-12-06 20:43:00,"736 Cherry St, San Francisco, CA 94016",12,20,43,700.0,San Francisco,CA 94016
313750,iPhone,1,700.0,2019-12-29 00:55:00,"758 14th St, Seattle, WA 98101",12,0,55,700.0,Seattle,WA 98101
313755,iPhone,1,700.0,2019-12-27 23:27:00,"125 Jackson St, San Francisco, CA 94016",12,23,27,700.0,San Francisco,CA 94016
313778,iPhone,1,700.0,2019-12-19 17:13:00,"211 South St, Portland, OR 97035",12,17,13,700.0,Portland,OR 97035
313804,iPhone,1,700.0,2019-12-11 16:37:00,"370 West St, Los Angeles, CA 90001",12,16,37,700.0,Los Angeles,CA 90001
313842,iPhone,1,700.0,2019-12-14 08:47:00,"112 Walnut St, Los Angeles, CA 90001",12,8,47,700.0,Los Angeles,CA 90001
313847,iPhone,1,700.0,2019-12-04 10:55:00,"632 South St, Los Angeles, CA 90001",12,10,55,700.0,Los Angeles,CA 90001
313881,iPhone,1,700.0,2019-12-19 15:33:00,"226 9th St, Dallas, TX 75001",12,15,33,700.0,Dallas,TX 75001
313939,iPhone,1,700.0,2019-12-29 13:51:00,"67 River St, Seattle, WA 98101",12,13,51,700.0,Seattle,WA 98101
314031,iPhone,1,700.0,2019-12-26 17:47:00,"6 Wilson St, New York City, NY 10001",12,17,47,700.0,New York City,NY 10001
314038,iPhone,1,700.0,2019-12-26 20:25:00,"116 Sunset St, Portland, OR 97035",12,20,25,700.0,Portland,OR 97035
314054,iPhone,1,700.0,2019-12-11 08:16:00,"595 Cedar St, Los Angeles, CA 90001",12,8,16,700.0,Los Angeles,CA 90001
314056,iPhone,1,700.0,2019-12-06 11:04:00,"55 West St, Dallas, TX 75001",12,11,4,700.0,Dallas,TX 75001
314148,iPhone,1,700.0,2019-12-27 15:15:00,"493 Hill St, Los Angeles, CA 90001",12,15,15,700.0,Los Angeles,CA 90001
314183,iPhone,1,700.0,2019-12-05 12:31:00,"663 Lake St, New York City, NY 10001",12,12,31,700.0,New York City,NY 10001
314185,iPhone,1,700.0,2019-12-21 13:31:00,"534 7th St, Boston, MA 02215",12,13,31,700.0,Boston,MA 02215
314196,iPhone,1,700.0,2019-12-23 10:25:00,"541 Lakeview St, Austin, TX 73301",12,10,25,700.0,Austin,TX 73301
314263,iPhone,1,700.0,2019-12-04 20:49:00,"941 River St, Portland, OR 97035",12,20,49,700.0,Portland,OR 97035
314271,iPhone,1,700.0,2019-12-19 14:34:00,"543 Cherry St, New York City, NY 10001",12,14,34,700.0,New York City,NY 10001
314293,iPhone,1,700.0,2019-12-25 16:38:00,"318 Cherry St, San Francisco, CA 94016",12,16,38,700.0,San Francisco,CA 94016
314298,iPhone,1,700.0,2019-12-26 20:54:00,"98 5th St, Seattle, WA 98101",12,20,54,700.0,Seattle,WA 98101
314300,iPhone,1,700.0,2019-12-31 11:54:00,"525 Madison St, Dallas, TX 75001",12,11,54,700.0,Dallas,TX 75001
314337,iPhone,1,700.0,2019-12-04 20:13:00,"622 Spruce St, Austin, TX 73301",12,20,13,700.0,Austin,TX 73301
314341,iPhone,1,700.0,2019-12-09 16:35:00,"167 Hickory St, Seattle, WA 98101",12,16,35,700.0,Seattle,WA 98101
314347,iPhone,1,700.0,2019-12-09 19:22:00,"80 6th St, San Francisco, CA 94016",12,19,22,700.0,San Francisco,CA 94016
314366,iPhone,1,700.0,2019-12-03 21:57:00,"312 9th St, Seattle, WA 98101",12,21,57,700.0,Seattle,WA 98101
314386,iPhone,1,700.0,2019-12-08 19:19:00,"970 Sunset St, New York City, NY 10001",12,19,19,700.0,New York City,NY 10001
314429,iPhone,1,700.0,2019-12-29 14:39:00,"782 Forest St, San Francisco, CA 94016",12,14,39,700.0,San Francisco,CA 94016
314436,iPhone,1,700.0,2019-12-04 13:59:00,"790 10th St, Seattle, WA 98101",12,13,59,700.0,Seattle,WA 98101
314457,iPhone,1,700.0,2019-12-30 15:37:00,"963 Walnut St, Boston, MA 02215",12,15,37,700.0,Boston,MA 02215
314468,iPhone,1,700.0,2019-12-12 09:46:00,"294 2nd St, Portland, OR 97035",12,9,46,700.0,Portland,OR 97035
314470,iPhone,1,700.0,2019-12-02 13:43:00,"715 Madison St, Boston, MA 02215",12,13,43,700.0,Boston,MA 02215
314541,iPhone,1,700.0,2019-12-31 17:56:00,"901 Highland St, Los Angeles, CA 90001",12,17,56,700.0,Los Angeles,CA 90001
314554,iPhone,1,700.0,2019-12-19 22:16:00,"937 2nd St, Austin, TX 73301",12,22,16,700.0,Austin,TX 73301
314568,iPhone,1,700.0,2019-12-05 12:36:00,"803 North St, San Francisco, CA 94016",12,12,36,700.0,San Francisco,CA 94016
314571,iPhone,1,700.0,2019-12-03 09:47:00,"893 Dogwood St, Atlanta, GA 30301",12,9,47,700.0,Atlanta,GA 30301
314572,iPhone,1,700.0,2019-12-17 09:32:00,"166 7th St, San Francisco, CA 94016",12,9,32,700.0,San Francisco,CA 94016
314583,iPhone,1,700.0,2019-12-30 17:49:00,"539 14th St, San Francisco, CA 94016",12,17,49,700.0,San Francisco,CA 94016
314627,iPhone,1,700.0,2019-12-16 23:50:00,"852 Wilson St, San Francisco, CA 94016",12,23,50,700.0,San Francisco,CA 94016
314657,iPhone,1,700.0,2019-12-10 12:54:00,"946 Meadow St, Los Angeles, CA 90001",12,12,54,700.0,Los Angeles,CA 90001
314661,iPhone,1,700.0,2019-12-14 18:39:00,"832 8th St, Atlanta, GA 30301",12,18,39,700.0,Atlanta,GA 30301
314726,iPhone,1,700.0,2019-12-23 21:08:00,"174 Madison St, Austin, TX 73301",12,21,8,700.0,Austin,TX 73301
314769,iPhone,1,700.0,2019-12-08 22:02:00,"939 8th St, Seattle, WA 98101",12,22,2,700.0,Seattle,WA 98101
314770,iPhone,1,700.0,2019-12-09 22:58:00,"984 Chestnut St, Los Angeles, CA 90001",12,22,58,700.0,Los Angeles,CA 90001
314778,iPhone,1,700.0,2019-12-18 10:58:00,"268 Chestnut St, Portland, OR 97035",12,10,58,700.0,Portland,OR 97035
314845,iPhone,1,700.0,2019-12-10 16:05:00,"155 Johnson St, Boston, MA 02215",12,16,5,700.0,Boston,MA 02215
314940,iPhone,1,700.0,2019-12-23 06:52:00,"38 6th St, Los Angeles, CA 90001",12,6,52,700.0,Los Angeles,CA 90001
314945,iPhone,1,700.0,2019-12-22 07:52:00,"852 Willow St, San Francisco, CA 94016",12,7,52,700.0,San Francisco,CA 94016
314988,iPhone,1,700.0,2019-12-05 12:32:00,"461 13th St, Boston, MA 02215",12,12,32,700.0,Boston,MA 02215
315008,iPhone,1,700.0,2019-12-27 21:28:00,"133 River St, Austin, TX 73301",12,21,28,700.0,Austin,TX 73301
315017,iPhone,1,700.0,2019-12-09 14:42:00,"431 4th St, Los Angeles, CA 90001",12,14,42,700.0,Los Angeles,CA 90001
315047,iPhone,1,700.0,2019-12-14 07:38:00,"41 Main St, Los Angeles, CA 90001",12,7,38,700.0,Los Angeles,CA 90001
315064,iPhone,1,700.0,2019-12-25 23:03:00,"572 Center St, Austin, TX 73301",12,23,3,700.0,Austin,TX 73301
315071,iPhone,1,700.0,2019-12-01 11:16:00,"85 13th St, Los Angeles, CA 90001",12,11,16,700.0,Los Angeles,CA 90001
315133,iPhone,1,700.0,2019-12-11 11:51:00,"805 Lake St, Atlanta, GA 30301",12,11,51,700.0,Atlanta,GA 30301
315159,iPhone,1,700.0,2019-12-03 18:02:00,"215 Jackson St, Los Angeles, CA 90001",12,18,2,700.0,Los Angeles,CA 90001
315176,iPhone,1,700.0,2019-12-12 15:45:00,"450 2nd St, Austin, TX 73301",12,15,45,700.0,Austin,TX 73301
315187,iPhone,1,700.0,2019-12-12 14:40:00,"727 Elm St, San Francisco, CA 94016",12,14,40,700.0,San Francisco,CA 94016
315190,iPhone,1,700.0,2019-12-13 23:05:00,"972 Pine St, Portland, OR 97035",12,23,5,700.0,Portland,OR 97035
315203,iPhone,1,700.0,2019-12-30 13:40:00,"390 Main St, New York City, NY 10001",12,13,40,700.0,New York City,NY 10001
315222,iPhone,1,700.0,2019-12-14 10:01:00,"902 5th St, Portland, OR 97035",12,10,1,700.0,Portland,OR 97035
315244,iPhone,1,700.0,2019-12-19 16:08:00,"443 South St, New York City, NY 10001",12,16,8,700.0,New York City,NY 10001
315254,iPhone,1,700.0,2019-12-25 18:02:00,"707 8th St, Portland, OR 97035",12,18,2,700.0,Portland,OR 97035
315298,iPhone,1,700.0,2019-12-23 10:40:00,"712 13th St, Austin, TX 73301",12,10,40,700.0,Austin,TX 73301
315305,iPhone,1,700.0,2019-12-13 14:16:00,"366 1st St, Los Angeles, CA 90001",12,14,16,700.0,Los Angeles,CA 90001
315357,iPhone,1,700.0,2019-12-24 08:02:00,"162 Chestnut St, Portland, OR 97035",12,8,2,700.0,Portland,OR 97035
315404,iPhone,1,700.0,2019-12-08 19:22:00,"200 Elm St, New York City, NY 10001",12,19,22,700.0,New York City,NY 10001
315421,iPhone,1,700.0,2019-12-08 16:47:00,"305 Jackson St, Los Angeles, CA 90001",12,16,47,700.0,Los Angeles,CA 90001
315509,iPhone,1,700.0,2019-12-02 08:47:00,"941 12th St, New York City, NY 10001",12,8,47,700.0,New York City,NY 10001
315580,iPhone,1,700.0,2019-12-27 17:46:00,"432 Willow St, Los Angeles, CA 90001",12,17,46,700.0,Los Angeles,CA 90001
315606,iPhone,1,700.0,2019-12-17 22:14:00,"796 10th St, San Francisco, CA 94016",12,22,14,700.0,San Francisco,CA 94016
315631,iPhone,1,700.0,2019-12-12 12:19:00,"46 Maple St, Austin, TX 73301",12,12,19,700.0,Austin,TX 73301
315643,iPhone,1,700.0,2019-12-21 23:51:00,"611 Lakeview St, Dallas, TX 75001",12,23,51,700.0,Dallas,TX 75001
315671,iPhone,1,700.0,2019-12-05 16:56:00,"480 Main St, Portland, OR 97035",12,16,56,700.0,Portland,OR 97035
315688,iPhone,1,700.0,2019-12-05 19:59:00,"126 Cedar St, Dallas, TX 75001",12,19,59,700.0,Dallas,TX 75001
315697,iPhone,1,700.0,2019-12-01 10:09:00,"521 Forest St, San Francisco, CA 94016",12,10,9,700.0,San Francisco,CA 94016
315731,iPhone,1,700.0,2019-12-24 19:49:00,"93 Church St, Los Angeles, CA 90001",12,19,49,700.0,Los Angeles,CA 90001
315829,iPhone,1,700.0,2019-12-18 15:12:00,"904 Lincoln St, Seattle, WA 98101",12,15,12,700.0,Seattle,WA 98101
315841,iPhone,1,700.0,2019-12-31 07:05:00,"719 Lake St, Dallas, TX 75001",12,7,5,700.0,Dallas,TX 75001
315842,iPhone,1,700.0,2019-12-07 22:01:00,"212 Forest St, Los Angeles, CA 90001",12,22,1,700.0,Los Angeles,CA 90001
315844,iPhone,1,700.0,2019-12-18 11:40:00,"287 9th St, Dallas, TX 75001",12,11,40,700.0,Dallas,TX 75001
315857,iPhone,1,700.0,2019-12-29 16:25:00,"221 7th St, San Francisco, CA 94016",12,16,25,700.0,San Francisco,CA 94016
315864,iPhone,1,700.0,2019-12-09 20:30:00,"573 Chestnut St, New York City, NY 10001",12,20,30,700.0,New York City,NY 10001
315865,iPhone,1,700.0,2019-12-01 13:11:00,"843 Walnut St, Los Angeles, CA 90001",12,13,11,700.0,Los Angeles,CA 90001
315900,iPhone,1,700.0,2019-12-27 20:01:00,"13 Madison St, San Francisco, CA 94016",12,20,1,700.0,San Francisco,CA 94016
315915,iPhone,1,700.0,2019-12-17 20:16:00,"222 4th St, Dallas, TX 75001",12,20,16,700.0,Dallas,TX 75001
315924,iPhone,1,700.0,2019-12-23 21:33:00,"830 2nd St, Los Angeles, CA 90001",12,21,33,700.0,Los Angeles,CA 90001
315940,iPhone,1,700.0,2019-12-28 10:04:00,"364 Elm St, Los Angeles, CA 90001",12,10,4,700.0,Los Angeles,CA 90001
315950,iPhone,1,700.0,2019-12-24 13:02:00,"542 Adams St, Atlanta, GA 30301",12,13,2,700.0,Atlanta,GA 30301
315956,iPhone,1,700.0,2019-12-04 19:54:00,"799 Wilson St, Los Angeles, CA 90001",12,19,54,700.0,Los Angeles,CA 90001
316042,iPhone,1,700.0,2019-12-26 22:57:00,"135 Elm St, Seattle, WA 98101",12,22,57,700.0,Seattle,WA 98101
316113,iPhone,1,700.0,2019-12-13 18:26:00,"518 Madison St, San Francisco, CA 94016",12,18,26,700.0,San Francisco,CA 94016
316125,iPhone,1,700.0,2019-12-12 10:00:00,"445 6th St, Seattle, WA 98101",12,10,0,700.0,Seattle,WA 98101
316146,iPhone,1,700.0,2019-12-24 01:09:00,"702 Sunset St, Dallas, TX 75001",12,1,9,700.0,Dallas,TX 75001
316200,iPhone,1,700.0,2019-12-23 19:24:00,"934 Maple St, San Francisco, CA 94016",12,19,24,700.0,San Francisco,CA 94016
316205,iPhone,1,700.0,2019-12-18 21:29:00,"253 Center St, Boston, MA 02215",12,21,29,700.0,Boston,MA 02215
316221,iPhone,1,700.0,2019-12-19 15:23:00,"361 North St, San Francisco, CA 94016",12,15,23,700.0,San Francisco,CA 94016
316246,iPhone,1,700.0,2019-12-20 12:59:00,"213 Hill St, New York City, NY 10001",12,12,59,700.0,New York City,NY 10001
316251,iPhone,1,700.0,2019-12-06 08:41:00,"639 Cedar St, New York City, NY 10001",12,8,41,700.0,New York City,NY 10001
316275,iPhone,1,700.0,2019-12-12 04:45:00,"900 Ridge St, Boston, MA 02215",12,4,45,700.0,Boston,MA 02215
316333,iPhone,1,700.0,2019-12-16 04:20:00,"604 Sunset St, San Francisco, CA 94016",12,4,20,700.0,San Francisco,CA 94016
316368,iPhone,1,700.0,2019-12-05 13:53:00,"81 Jackson St, San Francisco, CA 94016",12,13,53,700.0,San Francisco,CA 94016
316385,iPhone,1,700.0,2019-12-24 05:58:00,"353 2nd St, Austin, TX 73301",12,5,58,700.0,Austin,TX 73301
316412,iPhone,1,700.0,2019-12-06 12:12:00,"140 River St, Los Angeles, CA 90001",12,12,12,700.0,Los Angeles,CA 90001
316423,iPhone,1,700.0,2019-12-30 23:22:00,"965 Lake St, New York City, NY 10001",12,23,22,700.0,New York City,NY 10001
316445,iPhone,1,700.0,2019-12-29 13:58:00,"252 Hill St, San Francisco, CA 94016",12,13,58,700.0,San Francisco,CA 94016
316476,iPhone,1,700.0,2019-12-21 11:17:00,"316 Walnut St, Portland, OR 97035",12,11,17,700.0,Portland,OR 97035
316477,iPhone,1,700.0,2019-12-20 10:01:00,"616 Walnut St, Austin, TX 73301",12,10,1,700.0,Austin,TX 73301
316511,iPhone,1,700.0,2019-12-06 14:24:00,"56 Hickory St, Dallas, TX 75001",12,14,24,700.0,Dallas,TX 75001
316512,iPhone,1,700.0,2019-12-15 23:32:00,"510 Center St, Austin, TX 73301",12,23,32,700.0,Austin,TX 73301
316546,iPhone,1,700.0,2019-12-22 14:41:00,"843 Lake St, San Francisco, CA 94016",12,14,41,700.0,San Francisco,CA 94016
316553,iPhone,1,700.0,2019-12-04 21:08:00,"572 Dogwood St, Portland, OR 97035",12,21,8,700.0,Portland,OR 97035
316572,iPhone,1,700.0,2019-12-27 16:12:00,"147 12th St, New York City, NY 10001",12,16,12,700.0,New York City,NY 10001
316616,iPhone,1,700.0,2019-12-21 08:55:00,"379 Lake St, San Francisco, CA 94016",12,8,55,700.0,San Francisco,CA 94016
316637,iPhone,1,700.0,2019-12-17 13:14:00,"746 7th St, San Francisco, CA 94016",12,13,14,700.0,San Francisco,CA 94016
316700,iPhone,1,700.0,2019-12-13 13:33:00,"796 North St, Austin, TX 73301",12,13,33,700.0,Austin,TX 73301
316702,iPhone,1,700.0,2019-12-23 14:20:00,"178 Center St, San Francisco, CA 94016",12,14,20,700.0,San Francisco,CA 94016
316713,iPhone,1,700.0,2019-12-30 18:32:00,"587 Chestnut St, Seattle, WA 98101",12,18,32,700.0,Seattle,WA 98101
316723,iPhone,1,700.0,2019-12-25 12:16:00,"120 Lakeview St, Boston, MA 02215",12,12,16,700.0,Boston,MA 02215
316744,iPhone,1,700.0,2019-12-10 18:18:00,"477 Hill St, Seattle, WA 98101",12,18,18,700.0,Seattle,WA 98101
316769,iPhone,1,700.0,2019-12-18 09:35:00,"786 South St, New York City, NY 10001",12,9,35,700.0,New York City,NY 10001
316774,iPhone,1,700.0,2019-12-26 16:07:00,"931 West St, Los Angeles, CA 90001",12,16,7,700.0,Los Angeles,CA 90001
316775,iPhone,1,700.0,2019-12-20 11:38:00,"397 Meadow St, Boston, MA 02215",12,11,38,700.0,Boston,MA 02215
316785,iPhone,1,700.0,2019-12-19 12:50:00,"280 Forest St, San Francisco, CA 94016",12,12,50,700.0,San Francisco,CA 94016
316799,iPhone,1,700.0,2019-12-20 11:52:00,"430 Main St, San Francisco, CA 94016",12,11,52,700.0,San Francisco,CA 94016
316861,iPhone,1,700.0,2019-12-04 21:33:00,"638 Highland St, San Francisco, CA 94016",12,21,33,700.0,San Francisco,CA 94016
316865,iPhone,1,700.0,2019-12-03 15:01:00,"520 Cedar St, Boston, MA 02215",12,15,1,700.0,Boston,MA 02215
316882,iPhone,1,700.0,2019-12-04 12:45:00,"555 14th St, New York City, NY 10001",12,12,45,700.0,New York City,NY 10001
316901,iPhone,1,700.0,2019-12-05 15:47:00,"321 4th St, San Francisco, CA 94016",12,15,47,700.0,San Francisco,CA 94016
317004,iPhone,1,700.0,2019-12-16 18:14:00,"748 Chestnut St, Dallas, TX 75001",12,18,14,700.0,Dallas,TX 75001
317067,iPhone,1,700.0,2019-12-23 20:00:00,"909 Madison St, Boston, MA 02215",12,20,0,700.0,Boston,MA 02215
317073,iPhone,1,700.0,2019-12-11 15:04:00,"456 Adams St, San Francisco, CA 94016",12,15,4,700.0,San Francisco,CA 94016
317146,iPhone,1,700.0,2019-12-25 17:59:00,"261 West St, Portland, OR 97035",12,17,59,700.0,Portland,OR 97035
317200,iPhone,1,700.0,2019-12-16 23:39:00,"66 Main St, Dallas, TX 75001",12,23,39,700.0,Dallas,TX 75001
317245,iPhone,1,700.0,2019-12-08 17:56:00,"909 Church St, San Francisco, CA 94016",12,17,56,700.0,San Francisco,CA 94016
317246,iPhone,1,700.0,2019-12-07 09:33:00,"663 Maple St, Dallas, TX 75001",12,9,33,700.0,Dallas,TX 75001
317256,iPhone,1,700.0,2019-12-13 15:11:00,"900 Pine St, San Francisco, CA 94016",12,15,11,700.0,San Francisco,CA 94016
317258,iPhone,1,700.0,2019-12-11 16:10:00,"573 Madison St, New York City, NY 10001",12,16,10,700.0,New York City,NY 10001
317273,iPhone,1,700.0,2019-12-06 19:52:00,"33 Johnson St, Portland, OR 97035",12,19,52,700.0,Portland,OR 97035
317320,iPhone,1,700.0,2019-12-06 21:02:00,"495 Lincoln St, Los Angeles, CA 90001",12,21,2,700.0,Los Angeles,CA 90001
317356,iPhone,1,700.0,2019-12-08 18:54:00,"336 Church St, Dallas, TX 75001",12,18,54,700.0,Dallas,TX 75001
317373,iPhone,1,700.0,2019-12-13 21:48:00,"639 Spruce St, Los Angeles, CA 90001",12,21,48,700.0,Los Angeles,CA 90001
317390,iPhone,1,700.0,2019-12-20 18:41:00,"668 Spruce St, Portland, OR 97035",12,18,41,700.0,Portland,OR 97035
317401,iPhone,1,700.0,2019-12-01 15:19:00,"912 5th St, Seattle, WA 98101",12,15,19,700.0,Seattle,WA 98101
317427,iPhone,1,700.0,2019-12-12 21:07:00,"435 Willow St, San Francisco, CA 94016",12,21,7,700.0,San Francisco,CA 94016
317454,iPhone,1,700.0,2019-12-28 05:26:00,"564 Dogwood St, Austin, TX 73301",12,5,26,700.0,Austin,TX 73301
317465,iPhone,1,700.0,2019-12-09 19:56:00,"709 Park St, Boston, MA 02215",12,19,56,700.0,Boston,MA 02215
317469,iPhone,1,700.0,2019-12-20 17:48:00,"421 Wilson St, San Francisco, CA 94016",12,17,48,700.0,San Francisco,CA 94016
317515,iPhone,1,700.0,2019-12-05 18:46:00,"252 Ridge St, Los Angeles, CA 90001",12,18,46,700.0,Los Angeles,CA 90001
317519,iPhone,1,700.0,2019-12-10 14:08:00,"261 10th St, Atlanta, GA 30301",12,14,8,700.0,Atlanta,GA 30301
317530,iPhone,1,700.0,2019-12-13 11:57:00,"731 Walnut St, San Francisco, CA 94016",12,11,57,700.0,San Francisco,CA 94016
317625,iPhone,1,700.0,2019-12-13 10:00:00,"488 Madison St, Seattle, WA 98101",12,10,0,700.0,Seattle,WA 98101
317679,iPhone,1,700.0,2019-12-23 11:21:00,"676 Cedar St, Dallas, TX 75001",12,11,21,700.0,Dallas,TX 75001
317701,iPhone,1,700.0,2019-12-16 19:07:00,"428 North St, Austin, TX 73301",12,19,7,700.0,Austin,TX 73301
317709,iPhone,1,700.0,2019-12-18 16:06:00,"642 13th St, Seattle, WA 98101",12,16,6,700.0,Seattle,WA 98101
317720,iPhone,1,700.0,2019-12-17 08:04:00,"251 South St, Seattle, WA 98101",12,8,4,700.0,Seattle,WA 98101
317746,iPhone,1,700.0,2019-12-28 13:27:00,"522 12th St, Los Angeles, CA 90001",12,13,27,700.0,Los Angeles,CA 90001
317757,iPhone,1,700.0,2019-12-28 13:32:00,"163 Chestnut St, San Francisco, CA 94016",12,13,32,700.0,San Francisco,CA 94016
317769,iPhone,1,700.0,2019-12-18 12:05:00,"721 Hickory St, Seattle, WA 98101",12,12,5,700.0,Seattle,WA 98101
317789,iPhone,1,700.0,2019-12-22 12:33:00,"343 5th St, New York City, NY 10001",12,12,33,700.0,New York City,NY 10001
317833,iPhone,1,700.0,2019-12-22 22:41:00,"866 Center St, Los Angeles, CA 90001",12,22,41,700.0,Los Angeles,CA 90001
317918,iPhone,1,700.0,2019-12-24 15:30:00,"409 Madison St, Los Angeles, CA 90001",12,15,30,700.0,Los Angeles,CA 90001
317932,iPhone,1,700.0,2019-12-02 08:42:00,"944 Walnut St, Austin, TX 73301",12,8,42,700.0,Austin,TX 73301
317943,iPhone,1,700.0,2019-12-12 17:44:00,"207 11th St, New York City, NY 10001",12,17,44,700.0,New York City,NY 10001
317976,iPhone,1,700.0,2019-12-05 14:23:00,"697 2nd St, Austin, TX 73301",12,14,23,700.0,Austin,TX 73301
318026,iPhone,1,700.0,2019-12-29 22:04:00,"698 Wilson St, Atlanta, GA 30301",12,22,4,700.0,Atlanta,GA 30301
318029,iPhone,1,700.0,2019-12-29 21:27:00,"835 6th St, Los Angeles, CA 90001",12,21,27,700.0,Los Angeles,CA 90001
318048,iPhone,1,700.0,2019-12-17 20:54:00,"361 Lincoln St, New York City, NY 10001",12,20,54,700.0,New York City,NY 10001
318099,iPhone,1,700.0,2019-12-19 09:39:00,"766 Lakeview St, Austin, TX 73301",12,9,39,700.0,Austin,TX 73301
318153,iPhone,1,700.0,2019-12-30 10:05:00,"539 Johnson St, Los Angeles, CA 90001",12,10,5,700.0,Los Angeles,CA 90001
318165,iPhone,1,700.0,2019-12-25 21:53:00,"359 Lakeview St, New York City, NY 10001",12,21,53,700.0,New York City,NY 10001
318169,iPhone,1,700.0,2019-12-30 19:10:00,"246 Ridge St, San Francisco, CA 94016",12,19,10,700.0,San Francisco,CA 94016
318203,iPhone,1,700.0,2019-12-05 17:59:00,"488 Center St, San Francisco, CA 94016",12,17,59,700.0,San Francisco,CA 94016
318216,iPhone,1,700.0,2019-12-12 12:56:00,"545 Jefferson St, San Francisco, CA 94016",12,12,56,700.0,San Francisco,CA 94016
318225,iPhone,1,700.0,2019-12-24 08:21:00,"987 12th St, Atlanta, GA 30301",12,8,21,700.0,Atlanta,GA 30301
318229,iPhone,1,700.0,2019-12-13 06:39:00,"529 Hickory St, Dallas, TX 75001",12,6,39,700.0,Dallas,TX 75001
318238,iPhone,1,700.0,2019-12-26 11:41:00,"219 Church St, Los Angeles, CA 90001",12,11,41,700.0,Los Angeles,CA 90001
318414,iPhone,1,700.0,2019-12-24 18:47:00,"464 Lincoln St, Los Angeles, CA 90001",12,18,47,700.0,Los Angeles,CA 90001
318453,iPhone,1,700.0,2019-12-18 12:07:00,"462 Wilson St, Austin, TX 73301",12,12,7,700.0,Austin,TX 73301
318458,iPhone,1,700.0,2019-12-31 20:33:00,"693 4th St, New York City, NY 10001",12,20,33,700.0,New York City,NY 10001
318487,iPhone,1,700.0,2019-12-25 21:51:00,"196 Ridge St, San Francisco, CA 94016",12,21,51,700.0,San Francisco,CA 94016
318542,iPhone,1,700.0,2019-12-10 13:31:00,"937 Lake St, Atlanta, GA 30301",12,13,31,700.0,Atlanta,GA 30301
318581,iPhone,1,700.0,2019-12-16 10:36:00,"959 Lakeview St, San Francisco, CA 94016",12,10,36,700.0,San Francisco,CA 94016
318584,iPhone,1,700.0,2019-12-05 20:54:00,"770 6th St, Austin, TX 73301",12,20,54,700.0,Austin,TX 73301
318617,iPhone,1,700.0,2019-12-26 00:04:00,"763 11th St, San Francisco, CA 94016",12,0,4,700.0,San Francisco,CA 94016
318665,iPhone,1,700.0,2019-12-10 18:04:00,"864 Johnson St, San Francisco, CA 94016",12,18,4,700.0,San Francisco,CA 94016
318683,iPhone,1,700.0,2019-12-23 15:48:00,"611 4th St, Seattle, WA 98101",12,15,48,700.0,Seattle,WA 98101
318696,iPhone,1,700.0,2019-12-21 12:16:00,"482 Hickory St, San Francisco, CA 94016",12,12,16,700.0,San Francisco,CA 94016
318698,iPhone,1,700.0,2019-12-04 14:06:00,"240 South St, Dallas, TX 75001",12,14,6,700.0,Dallas,TX 75001
318704,iPhone,1,700.0,2019-12-16 20:41:00,"96 1st St, San Francisco, CA 94016",12,20,41,700.0,San Francisco,CA 94016
318730,iPhone,1,700.0,2019-12-26 17:31:00,"308 Johnson St, Seattle, WA 98101",12,17,31,700.0,Seattle,WA 98101
318802,iPhone,1,700.0,2019-12-20 01:49:00,"600 Sunset St, San Francisco, CA 94016",12,1,49,700.0,San Francisco,CA 94016
318809,iPhone,1,700.0,2019-12-29 14:23:00,"25 Cherry St, Dallas, TX 75001",12,14,23,700.0,Dallas,TX 75001
318853,iPhone,1,700.0,2019-12-09 20:00:00,"349 Chestnut St, Austin, TX 73301",12,20,0,700.0,Austin,TX 73301
318872,iPhone,1,700.0,2019-12-28 00:14:00,"22 Ridge St, Boston, MA 02215",12,0,14,700.0,Boston,MA 02215
318876,iPhone,1,700.0,2019-12-11 20:24:00,"150 Elm St, San Francisco, CA 94016",12,20,24,700.0,San Francisco,CA 94016
318881,iPhone,1,700.0,2019-12-05 11:14:00,"400 13th St, Los Angeles, CA 90001",12,11,14,700.0,Los Angeles,CA 90001
318933,iPhone,1,700.0,2019-12-19 20:55:00,"325 5th St, Seattle, WA 98101",12,20,55,700.0,Seattle,WA 98101
318965,iPhone,1,700.0,2019-12-27 21:29:00,"734 5th St, Boston, MA 02215",12,21,29,700.0,Boston,MA 02215
318970,iPhone,1,700.0,2019-12-16 22:54:00,"599 Walnut St, New York City, NY 10001",12,22,54,700.0,New York City,NY 10001
318973,iPhone,1,700.0,2019-12-01 18:35:00,"526 Chestnut St, Portland, OR 97035",12,18,35,700.0,Portland,OR 97035
318994,iPhone,1,700.0,2019-12-03 15:59:00,"808 Park St, Boston, MA 02215",12,15,59,700.0,Boston,MA 02215
319032,iPhone,1,700.0,2019-12-05 18:19:00,"751 Meadow St, Dallas, TX 75001",12,18,19,700.0,Dallas,TX 75001
319033,iPhone,1,700.0,2019-12-31 21:07:00,"523 Pine St, Boston, MA 02215",12,21,7,700.0,Boston,MA 02215
319058,iPhone,1,700.0,2019-12-10 10:02:00,"556 Spruce St, San Francisco, CA 94016",12,10,2,700.0,San Francisco,CA 94016
319078,iPhone,1,700.0,2019-12-09 21:45:00,"265 11th St, Portland, OR 97035",12,21,45,700.0,Portland,OR 97035
319094,iPhone,1,700.0,2019-12-15 12:10:00,"612 4th St, New York City, NY 10001",12,12,10,700.0,New York City,NY 10001
319121,iPhone,1,700.0,2019-12-28 22:19:00,"174 North St, New York City, NY 10001",12,22,19,700.0,New York City,NY 10001
319141,iPhone,1,700.0,2019-12-26 18:18:00,"905 Lakeview St, San Francisco, CA 94016",12,18,18,700.0,San Francisco,CA 94016
319162,iPhone,1,700.0,2019-12-29 13:06:00,"914 West St, Seattle, WA 98101",12,13,6,700.0,Seattle,WA 98101
319236,iPhone,1,700.0,2019-12-10 08:51:00,"597 Madison St, New York City, NY 10001",12,8,51,700.0,New York City,NY 10001
319239,iPhone,1,700.0,2019-12-23 13:59:00,"42 Hill St, Los Angeles, CA 90001",12,13,59,700.0,Los Angeles,CA 90001
319242,iPhone,1,700.0,2019-12-06 15:22:00,"453 1st St, San Francisco, CA 94016",12,15,22,700.0,San Francisco,CA 94016
319266,iPhone,1,700.0,2019-12-04 15:36:00,"661 Meadow St, Seattle, WA 98101",12,15,36,700.0,Seattle,WA 98101
319417,iPhone,1,700.0,2019-12-14 09:40:00,"708 Hickory St, New York City, NY 10001",12,9,40,700.0,New York City,NY 10001
319446,iPhone,1,700.0,2019-12-06 17:44:00,"258 Elm St, Seattle, WA 98101",12,17,44,700.0,Seattle,WA 98101
319472,iPhone,1,700.0,2019-12-29 20:24:00,"779 10th St, Atlanta, GA 30301",12,20,24,700.0,Atlanta,GA 30301
319485,iPhone,1,700.0,2019-12-10 15:08:00,"794 11th St, Dallas, TX 75001",12,15,8,700.0,Dallas,TX 75001
319529,iPhone,1,700.0,2019-12-17 23:35:00,"553 Jefferson St, Seattle, WA 98101",12,23,35,700.0,Seattle,WA 98101
319566,iPhone,1,700.0,2019-12-28 00:41:00,"260 West St, Dallas, TX 75001",12,0,41,700.0,Dallas,TX 75001
319584,iPhone,1,700.0,2019-12-11 00:30:00,"537 Sunset St, Portland, OR 97035",12,0,30,700.0,Portland,OR 97035
319596,iPhone,1,700.0,2019-12-01 08:44:00,"436 14th St, New York City, NY 10001",12,8,44,700.0,New York City,NY 10001
319603,iPhone,1,700.0,2019-12-26 19:06:00,"102 9th St, Boston, MA 02215",12,19,6,700.0,Boston,MA 02215
319629,iPhone,1,700.0,2019-12-18 15:41:00,"941 Willow St, Dallas, TX 75001",12,15,41,700.0,Dallas,TX 75001
319634,iPhone,1,700.0,2019-12-11 16:29:00,"817 Center St, Boston, MA 02215",12,16,29,700.0,Boston,MA 02215
319665,iPhone,1,700.0,2019-12-15 11:13:00,"377 1st St, Atlanta, GA 30301",12,11,13,700.0,Atlanta,GA 30301
